image_name,image_path,label,xmax,xmin,ymax,ymin
419.tif,/home/cdsw/geo_Animal/geo_AnimalDetection/dataset/processing_small/clipped/419.tif,bird,52,11,43,20
499.tif,/home/cdsw/geo_Animal/geo_AnimalDetection/dataset/processing_small/clipped/499.tif,bird,54,11,43,19
499.tif,/home/cdsw/geo_Animal/geo_AnimalDetection/dataset/processing_small/clipped/499.tif,bird,76,31,62,33
320.tif,/home/cdsw/geo_Animal/geo_AnimalDetection/dataset/processing_small/clipped/320.tif,bird,53,9,50,15
135.tif,/home/cdsw/geo_Animal/geo_AnimalDetection/dataset/processing_small/clipped/135.tif,bird,53,10,43,20
350.tif,/home/cdsw/geo_Animal/geo_AnimalDetection/dataset/processing_small/clipped/350.tif,bird,23,0,24,0
350.tif,/home/cdsw/geo_Animal/geo_AnimalDetection/dataset/processing_small/clipped/350.tif,bird,53,10,46,20
214.tif,/home/cdsw/geo_Animal/geo_AnimalDetection/dataset/processing_small/clipped/214.tif,bird,50,15,46,20
214.tif,/home/cdsw/geo_Animal/geo_AnimalDetection/dataset/processing_small/clipped/214.tif,bird,73,35,81,48
117.tif,/home/cdsw/geo_Animal/geo_AnimalDetection/dataset/processing_small/clipped/117.tif,bird,30,0,25,0
117.tif,/home/cdsw/geo_Animal/geo_AnimalDetection/dataset/processing_small/clipped/117.tif,bird,54,11,43,22
117.tif,/home/cdsw/geo_Animal/geo_AnimalDetection/dataset/processing_small/clipped/117.tif,bird,48,13,77,43
130.tif,/home/cdsw/geo_Animal/geo_AnimalDetection/dataset/processing_small/clipped/130.tif,bird,53,10,42,23
124.tif,/home/cdsw/geo_Animal/geo_AnimalDetection/dataset/processing_small/clipped/124.tif,bird,26,0,75,36
124.tif,/home/cdsw/geo_Animal/geo_AnimalDetection/dataset/processing_small/clipped/124.tif,bird,53,11,43,22
124.tif,/home/cdsw/geo_Animal/geo_AnimalDetection/dataset/processing_small/clipped/124.tif,bird,69,25,29,0
417.tif,/home/cdsw/geo_Animal/geo_AnimalDetection/dataset/processing_small/clipped/417.tif,bird,55,12,42,19
331.tif,/home/cdsw/geo_Animal/geo_AnimalDetection/dataset/processing_small/clipped/331.tif,bird,52,12,48,17
458.tif,/home/cdsw/geo_Animal/geo_AnimalDetection/dataset/processing_small/clipped/458.tif,bird,53,11,46,14
334.tif,/home/cdsw/geo_Animal/geo_AnimalDetection/dataset/processing_small/clipped/334.tif,bird,53,14,46,18
334.tif,/home/cdsw/geo_Animal/geo_AnimalDetection/dataset/processing_small/clipped/334.tif,bird,73,33,13,0
283.tif,/home/cdsw/geo_Animal/geo_AnimalDetection/dataset/processing_small/clipped/283.tif,bird,52,10,46,15
428.tif,/home/cdsw/geo_Animal/geo_AnimalDetection/dataset/processing_small/clipped/428.tif,bird,53,10,49,19
243.tif,/home/cdsw/geo_Animal/geo_AnimalDetection/dataset/processing_small/clipped/243.tif,bird,54,8,47,15
145.tif,/home/cdsw/geo_Animal/geo_AnimalDetection/dataset/processing_small/clipped/145.tif,bird,52,13,43,20
145.tif,/home/cdsw/geo_Animal/geo_AnimalDetection/dataset/processing_small/clipped/145.tif,bird,42,1,77,51
123.tif,/home/cdsw/geo_Animal/geo_AnimalDetection/dataset/processing_small/clipped/123.tif,bird,46,17,52,13
123.tif,/home/cdsw/geo_Animal/geo_AnimalDetection/dataset/processing_small/clipped/123.tif,bird,73,31,20,0
371.tif,/home/cdsw/geo_Animal/geo_AnimalDetection/dataset/processing_small/clipped/371.tif,bird,54,8,49,14
317.tif,/home/cdsw/geo_Animal/geo_AnimalDetection/dataset/processing_small/clipped/317.tif,bird,29,0,20,0
317.tif,/home/cdsw/geo_Animal/geo_AnimalDetection/dataset/processing_small/clipped/317.tif,bird,51,13,42,23
262.tif,/home/cdsw/geo_Animal/geo_AnimalDetection/dataset/processing_small/clipped/262.tif,bird,54,11,46,19
262.tif,/home/cdsw/geo_Animal/geo_AnimalDetection/dataset/processing_small/clipped/262.tif,bird,55,17,21,0
363.tif,/home/cdsw/geo_Animal/geo_AnimalDetection/dataset/processing_small/clipped/363.tif,bird,54,13,44,19
182.tif,/home/cdsw/geo_Animal/geo_AnimalDetection/dataset/processing_small/clipped/182.tif,bird,27,0,13,0
182.tif,/home/cdsw/geo_Animal/geo_AnimalDetection/dataset/processing_small/clipped/182.tif,bird,53,14,50,14
354.tif,/home/cdsw/geo_Animal/geo_AnimalDetection/dataset/processing_small/clipped/354.tif,bird,27,0,31,0
354.tif,/home/cdsw/geo_Animal/geo_AnimalDetection/dataset/processing_small/clipped/354.tif,bird,52,12,55,11
170.tif,/home/cdsw/geo_Animal/geo_AnimalDetection/dataset/processing_small/clipped/170.tif,bird,53,13,42,22
301.tif,/home/cdsw/geo_Animal/geo_AnimalDetection/dataset/processing_small/clipped/301.tif,bird,53,12,51,12
20.tif,/home/cdsw/geo_Animal/geo_AnimalDetection/dataset/processing_small/clipped/20.tif,bird,53,14,42,22
478.tif,/home/cdsw/geo_Animal/geo_AnimalDetection/dataset/processing_small/clipped/478.tif,bird,57,11,46,15
307.tif,/home/cdsw/geo_Animal/geo_AnimalDetection/dataset/processing_small/clipped/307.tif,bird,35,0,19,0
307.tif,/home/cdsw/geo_Animal/geo_AnimalDetection/dataset/processing_small/clipped/307.tif,bird,52,11,46,19
306.tif,/home/cdsw/geo_Animal/geo_AnimalDetection/dataset/processing_small/clipped/306.tif,bird,25,0,69,43
306.tif,/home/cdsw/geo_Animal/geo_AnimalDetection/dataset/processing_small/clipped/306.tif,bird,52,11,42,19
306.tif,/home/cdsw/geo_Animal/geo_AnimalDetection/dataset/processing_small/clipped/306.tif,bird,69,28,69,42
329.tif,/home/cdsw/geo_Animal/geo_AnimalDetection/dataset/processing_small/clipped/329.tif,bird,53,9,45,17
219.tif,/home/cdsw/geo_Animal/geo_AnimalDetection/dataset/processing_small/clipped/219.tif,bird,51,13,42,17
183.tif,/home/cdsw/geo_Animal/geo_AnimalDetection/dataset/processing_small/clipped/183.tif,bird,52,12,43,22
534.tif,/home/cdsw/geo_Animal/geo_AnimalDetection/dataset/processing_small/clipped/534.tif,bird,22,0,26,0
534.tif,/home/cdsw/geo_Animal/geo_AnimalDetection/dataset/processing_small/clipped/534.tif,bird,53,8,45,16
252.tif,/home/cdsw/geo_Animal/geo_AnimalDetection/dataset/processing_small/clipped/252.tif,bird,53,9,44,19
513.tif,/home/cdsw/geo_Animal/geo_AnimalDetection/dataset/processing_small/clipped/513.tif,bird,31,0,63,35
513.tif,/home/cdsw/geo_Animal/geo_AnimalDetection/dataset/processing_small/clipped/513.tif,bird,51,12,43,21
513.tif,/home/cdsw/geo_Animal/geo_AnimalDetection/dataset/processing_small/clipped/513.tif,bird,76,39,68,30
178.tif,/home/cdsw/geo_Animal/geo_AnimalDetection/dataset/processing_small/clipped/178.tif,bird,53,13,41,23
37.tif,/home/cdsw/geo_Animal/geo_AnimalDetection/dataset/processing_small/clipped/37.tif,bird,50,10,43,22
2.tif,/home/cdsw/geo_Animal/geo_AnimalDetection/dataset/processing_small/clipped/2.tif,bird,51,13,42,22
231.tif,/home/cdsw/geo_Animal/geo_AnimalDetection/dataset/processing_small/clipped/231.tif,bird,47,17,54,11
477.tif,/home/cdsw/geo_Animal/geo_AnimalDetection/dataset/processing_small/clipped/477.tif,bird,52,11,48,16
204.tif,/home/cdsw/geo_Animal/geo_AnimalDetection/dataset/processing_small/clipped/204.tif,bird,55,11,45,21
203.tif,/home/cdsw/geo_Animal/geo_AnimalDetection/dataset/processing_small/clipped/203.tif,bird,55,10,45,21
203.tif,/home/cdsw/geo_Animal/geo_AnimalDetection/dataset/processing_small/clipped/203.tif,bird,46,8,68,44
256.tif,/home/cdsw/geo_Animal/geo_AnimalDetection/dataset/processing_small/clipped/256.tif,bird,26,0,25,0
256.tif,/home/cdsw/geo_Animal/geo_AnimalDetection/dataset/processing_small/clipped/256.tif,bird,53,11,48,18
352.tif,/home/cdsw/geo_Animal/geo_AnimalDetection/dataset/processing_small/clipped/352.tif,bird,53,10,49,15
335.tif,/home/cdsw/geo_Animal/geo_AnimalDetection/dataset/processing_small/clipped/335.tif,bird,54,11,47,15
398.tif,/home/cdsw/geo_Animal/geo_AnimalDetection/dataset/processing_small/clipped/398.tif,bird,52,10,46,18
387.tif,/home/cdsw/geo_Animal/geo_AnimalDetection/dataset/processing_small/clipped/387.tif,bird,32,0,20,0
387.tif,/home/cdsw/geo_Animal/geo_AnimalDetection/dataset/processing_small/clipped/387.tif,bird,52,11,47,17
356.tif,/home/cdsw/geo_Animal/geo_AnimalDetection/dataset/processing_small/clipped/356.tif,bird,54,12,46,19
267.tif,/home/cdsw/geo_Animal/geo_AnimalDetection/dataset/processing_small/clipped/267.tif,bird,49,17,51,16
267.tif,/home/cdsw/geo_Animal/geo_AnimalDetection/dataset/processing_small/clipped/267.tif,bird,47,9,80,42
27.tif,/home/cdsw/geo_Animal/geo_AnimalDetection/dataset/processing_small/clipped/27.tif,bird,50,11,46,19
228.tif,/home/cdsw/geo_Animal/geo_AnimalDetection/dataset/processing_small/clipped/228.tif,bird,52,11,47,17
296.tif,/home/cdsw/geo_Animal/geo_AnimalDetection/dataset/processing_small/clipped/296.tif,bird,52,10,45,18
125.tif,/home/cdsw/geo_Animal/geo_AnimalDetection/dataset/processing_small/clipped/125.tif,bird,54,9,46,17
15.tif,/home/cdsw/geo_Animal/geo_AnimalDetection/dataset/processing_small/clipped/15.tif,bird,53,14,43,23
240.tif,/home/cdsw/geo_Animal/geo_AnimalDetection/dataset/processing_small/clipped/240.tif,bird,54,11,46,17
240.tif,/home/cdsw/geo_Animal/geo_AnimalDetection/dataset/processing_small/clipped/240.tif,bird,82,40,70,47
404.tif,/home/cdsw/geo_Animal/geo_AnimalDetection/dataset/processing_small/clipped/404.tif,bird,53,13,53,12
368.tif,/home/cdsw/geo_Animal/geo_AnimalDetection/dataset/processing_small/clipped/368.tif,bird,60,8,48,18
445.tif,/home/cdsw/geo_Animal/geo_AnimalDetection/dataset/processing_small/clipped/445.tif,bird,54,10,47,16
293.tif,/home/cdsw/geo_Animal/geo_AnimalDetection/dataset/processing_small/clipped/293.tif,bird,28,0,19,0
293.tif,/home/cdsw/geo_Animal/geo_AnimalDetection/dataset/processing_small/clipped/293.tif,bird,53,12,46,20
97.tif,/home/cdsw/geo_Animal/geo_AnimalDetection/dataset/processing_small/clipped/97.tif,bird,51,12,42,22
302.tif,/home/cdsw/geo_Animal/geo_AnimalDetection/dataset/processing_small/clipped/302.tif,bird,51,13,42,22
336.tif,/home/cdsw/geo_Animal/geo_AnimalDetection/dataset/processing_small/clipped/336.tif,bird,32,0,76,48
336.tif,/home/cdsw/geo_Animal/geo_AnimalDetection/dataset/processing_small/clipped/336.tif,bird,52,12,43,21
355.tif,/home/cdsw/geo_Animal/geo_AnimalDetection/dataset/processing_small/clipped/355.tif,bird,55,11,47,15
540.tif,/home/cdsw/geo_Animal/geo_AnimalDetection/dataset/processing_small/clipped/540.tif,bird,52,12,51,16
274.tif,/home/cdsw/geo_Animal/geo_AnimalDetection/dataset/processing_small/clipped/274.tif,bird,49,11,48,18
325.tif,/home/cdsw/geo_Animal/geo_AnimalDetection/dataset/processing_small/clipped/325.tif,bird,56,10,48,17
414.tif,/home/cdsw/geo_Animal/geo_AnimalDetection/dataset/processing_small/clipped/414.tif,bird,54,10,45,18
414.tif,/home/cdsw/geo_Animal/geo_AnimalDetection/dataset/processing_small/clipped/414.tif,bird,84,39,64,39
475.tif,/home/cdsw/geo_Animal/geo_AnimalDetection/dataset/processing_small/clipped/475.tif,bird,53,12,44,21
172.tif,/home/cdsw/geo_Animal/geo_AnimalDetection/dataset/processing_small/clipped/172.tif,bird,49,12,44,22
529.tif,/home/cdsw/geo_Animal/geo_AnimalDetection/dataset/processing_small/clipped/529.tif,bird,52,13,45,20
310.tif,/home/cdsw/geo_Animal/geo_AnimalDetection/dataset/processing_small/clipped/310.tif,bird,67,27,24,0
310.tif,/home/cdsw/geo_Animal/geo_AnimalDetection/dataset/processing_small/clipped/310.tif,bird,53,10,49,18
64.tif,/home/cdsw/geo_Animal/geo_AnimalDetection/dataset/processing_small/clipped/64.tif,bird,52,13,42,21
64.tif,/home/cdsw/geo_Animal/geo_AnimalDetection/dataset/processing_small/clipped/64.tif,bird,42,2,74,50
242.tif,/home/cdsw/geo_Animal/geo_AnimalDetection/dataset/processing_small/clipped/242.tif,bird,55,9,47,15
479.tif,/home/cdsw/geo_Animal/geo_AnimalDetection/dataset/processing_small/clipped/479.tif,bird,54,7,47,14
116.tif,/home/cdsw/geo_Animal/geo_AnimalDetection/dataset/processing_small/clipped/116.tif,bird,51,12,44,22
116.tif,/home/cdsw/geo_Animal/geo_AnimalDetection/dataset/processing_small/clipped/116.tif,bird,79,44,38,4
118.tif,/home/cdsw/geo_Animal/geo_AnimalDetection/dataset/processing_small/clipped/118.tif,bird,20,0,55,33
118.tif,/home/cdsw/geo_Animal/geo_AnimalDetection/dataset/processing_small/clipped/118.tif,bird,54,11,15,0
118.tif,/home/cdsw/geo_Animal/geo_AnimalDetection/dataset/processing_small/clipped/118.tif,bird,48,13,49,15
327.tif,/home/cdsw/geo_Animal/geo_AnimalDetection/dataset/processing_small/clipped/327.tif,bird,56,9,41,22
246.tif,/home/cdsw/geo_Animal/geo_AnimalDetection/dataset/processing_small/clipped/246.tif,bird,49,1,75,44
246.tif,/home/cdsw/geo_Animal/geo_AnimalDetection/dataset/processing_small/clipped/246.tif,bird,56,8,46,17
211.tif,/home/cdsw/geo_Animal/geo_AnimalDetection/dataset/processing_small/clipped/211.tif,bird,29,0,25,0
211.tif,/home/cdsw/geo_Animal/geo_AnimalDetection/dataset/processing_small/clipped/211.tif,bird,54,14,41,23
391.tif,/home/cdsw/geo_Animal/geo_AnimalDetection/dataset/processing_small/clipped/391.tif,bird,50,12,42,21
349.tif,/home/cdsw/geo_Animal/geo_AnimalDetection/dataset/processing_small/clipped/349.tif,bird,55,10,51,13
189.tif,/home/cdsw/geo_Animal/geo_AnimalDetection/dataset/processing_small/clipped/189.tif,bird,83,39,58,34
189.tif,/home/cdsw/geo_Animal/geo_AnimalDetection/dataset/processing_small/clipped/189.tif,bird,58,11,46,18
108.tif,/home/cdsw/geo_Animal/geo_AnimalDetection/dataset/processing_small/clipped/108.tif,bird,54,13,41,21
108.tif,/home/cdsw/geo_Animal/geo_AnimalDetection/dataset/processing_small/clipped/108.tif,bird,68,25,15,0
392.tif,/home/cdsw/geo_Animal/geo_AnimalDetection/dataset/processing_small/clipped/392.tif,bird,51,12,43,21
28.tif,/home/cdsw/geo_Animal/geo_AnimalDetection/dataset/processing_small/clipped/28.tif,bird,50,13,41,23
480.tif,/home/cdsw/geo_Animal/geo_AnimalDetection/dataset/processing_small/clipped/480.tif,bird,55,12,45,15
157.tif,/home/cdsw/geo_Animal/geo_AnimalDetection/dataset/processing_small/clipped/157.tif,bird,54,12,42,22
507.tif,/home/cdsw/geo_Animal/geo_AnimalDetection/dataset/processing_small/clipped/507.tif,bird,30,0,11,0
507.tif,/home/cdsw/geo_Animal/geo_AnimalDetection/dataset/processing_small/clipped/507.tif,bird,70,26,16,0
507.tif,/home/cdsw/geo_Animal/geo_AnimalDetection/dataset/processing_small/clipped/507.tif,bird,51,12,48,14
253.tif,/home/cdsw/geo_Animal/geo_AnimalDetection/dataset/processing_small/clipped/253.tif,bird,48,14,50,15
381.tif,/home/cdsw/geo_Animal/geo_AnimalDetection/dataset/processing_small/clipped/381.tif,bird,31,0,15,0
381.tif,/home/cdsw/geo_Animal/geo_AnimalDetection/dataset/processing_small/clipped/381.tif,bird,52,12,52,11
110.tif,/home/cdsw/geo_Animal/geo_AnimalDetection/dataset/processing_small/clipped/110.tif,bird,25,0,20,0
110.tif,/home/cdsw/geo_Animal/geo_AnimalDetection/dataset/processing_small/clipped/110.tif,bird,47,16,50,12
483.tif,/home/cdsw/geo_Animal/geo_AnimalDetection/dataset/processing_small/clipped/483.tif,bird,54,10,48,16
483.tif,/home/cdsw/geo_Animal/geo_AnimalDetection/dataset/processing_small/clipped/483.tif,bird,39,0,79,48
241.tif,/home/cdsw/geo_Animal/geo_AnimalDetection/dataset/processing_small/clipped/241.tif,bird,25,0,18,0
241.tif,/home/cdsw/geo_Animal/geo_AnimalDetection/dataset/processing_small/clipped/241.tif,bird,53,11,42,19
314.tif,/home/cdsw/geo_Animal/geo_AnimalDetection/dataset/processing_small/clipped/314.tif,bird,51,12,44,21
457.tif,/home/cdsw/geo_Animal/geo_AnimalDetection/dataset/processing_small/clipped/457.tif,bird,54,13,43,21
119.tif,/home/cdsw/geo_Animal/geo_AnimalDetection/dataset/processing_small/clipped/119.tif,bird,52,13,53,16
468.tif,/home/cdsw/geo_Animal/geo_AnimalDetection/dataset/processing_small/clipped/468.tif,bird,52,12,42,21
468.tif,/home/cdsw/geo_Animal/geo_AnimalDetection/dataset/processing_small/clipped/468.tif,bird,25,0,19,0
476.tif,/home/cdsw/geo_Animal/geo_AnimalDetection/dataset/processing_small/clipped/476.tif,bird,53,9,42,18
21.tif,/home/cdsw/geo_Animal/geo_AnimalDetection/dataset/processing_small/clipped/21.tif,bird,53,11,45,17
52.tif,/home/cdsw/geo_Animal/geo_AnimalDetection/dataset/processing_small/clipped/52.tif,bird,55,8,43,20
52.tif,/home/cdsw/geo_Animal/geo_AnimalDetection/dataset/processing_small/clipped/52.tif,bird,20,0,20,0
383.tif,/home/cdsw/geo_Animal/geo_AnimalDetection/dataset/processing_small/clipped/383.tif,bird,56,13,47,16
532.tif,/home/cdsw/geo_Animal/geo_AnimalDetection/dataset/processing_small/clipped/532.tif,bird,52,11,44,16
399.tif,/home/cdsw/geo_Animal/geo_AnimalDetection/dataset/processing_small/clipped/399.tif,bird,54,8,44,15
399.tif,/home/cdsw/geo_Animal/geo_AnimalDetection/dataset/processing_small/clipped/399.tif,bird,29,0,81,43
45.tif,/home/cdsw/geo_Animal/geo_AnimalDetection/dataset/processing_small/clipped/45.tif,bird,53,12,43,22
348.tif,/home/cdsw/geo_Animal/geo_AnimalDetection/dataset/processing_small/clipped/348.tif,bird,57,9,54,11
292.tif,/home/cdsw/geo_Animal/geo_AnimalDetection/dataset/processing_small/clipped/292.tif,bird,54,14,51,14
543.tif,/home/cdsw/geo_Animal/geo_AnimalDetection/dataset/processing_small/clipped/543.tif,bird,54,10,44,20
161.tif,/home/cdsw/geo_Animal/geo_AnimalDetection/dataset/processing_small/clipped/161.tif,bird,23,0,31,9
161.tif,/home/cdsw/geo_Animal/geo_AnimalDetection/dataset/processing_small/clipped/161.tif,bird,80,41,25,2
161.tif,/home/cdsw/geo_Animal/geo_AnimalDetection/dataset/processing_small/clipped/161.tif,bird,49,14,41,22
518.tif,/home/cdsw/geo_Animal/geo_AnimalDetection/dataset/processing_small/clipped/518.tif,bird,51,10,45,16
56.tif,/home/cdsw/geo_Animal/geo_AnimalDetection/dataset/processing_small/clipped/56.tif,bird,84,37,66,43
56.tif,/home/cdsw/geo_Animal/geo_AnimalDetection/dataset/processing_small/clipped/56.tif,bird,49,15,43,23
305.tif,/home/cdsw/geo_Animal/geo_AnimalDetection/dataset/processing_small/clipped/305.tif,bird,51,13,47,17
89.tif,/home/cdsw/geo_Animal/geo_AnimalDetection/dataset/processing_small/clipped/89.tif,bird,52,9,42,22
232.tif,/home/cdsw/geo_Animal/geo_AnimalDetection/dataset/processing_small/clipped/232.tif,bird,60,15,20,0
232.tif,/home/cdsw/geo_Animal/geo_AnimalDetection/dataset/processing_small/clipped/232.tif,bird,51,13,43,19
190.tif,/home/cdsw/geo_Animal/geo_AnimalDetection/dataset/processing_small/clipped/190.tif,bird,56,12,45,20
190.tif,/home/cdsw/geo_Animal/geo_AnimalDetection/dataset/processing_small/clipped/190.tif,bird,69,32,70,41
190.tif,/home/cdsw/geo_Animal/geo_AnimalDetection/dataset/processing_small/clipped/190.tif,bird,82,42,39,4
234.tif,/home/cdsw/geo_Animal/geo_AnimalDetection/dataset/processing_small/clipped/234.tif,bird,55,11,47,17
32.tif,/home/cdsw/geo_Animal/geo_AnimalDetection/dataset/processing_small/clipped/32.tif,bird,52,11,45,17
493.tif,/home/cdsw/geo_Animal/geo_AnimalDetection/dataset/processing_small/clipped/493.tif,bird,55,11,44,17
266.tif,/home/cdsw/geo_Animal/geo_AnimalDetection/dataset/processing_small/clipped/266.tif,bird,53,12,47,16
73.tif,/home/cdsw/geo_Animal/geo_AnimalDetection/dataset/processing_small/clipped/73.tif,bird,50,13,46,20
495.tif,/home/cdsw/geo_Animal/geo_AnimalDetection/dataset/processing_small/clipped/495.tif,bird,54,11,44,17
289.tif,/home/cdsw/geo_Animal/geo_AnimalDetection/dataset/processing_small/clipped/289.tif,bird,50,18,54,11
70.tif,/home/cdsw/geo_Animal/geo_AnimalDetection/dataset/processing_small/clipped/70.tif,bird,54,12,43,21
453.tif,/home/cdsw/geo_Animal/geo_AnimalDetection/dataset/processing_small/clipped/453.tif,bird,54,10,48,18
55.tif,/home/cdsw/geo_Animal/geo_AnimalDetection/dataset/processing_small/clipped/55.tif,bird,49,15,44,19
25.tif,/home/cdsw/geo_Animal/geo_AnimalDetection/dataset/processing_small/clipped/25.tif,bird,53,13,42,22
247.tif,/home/cdsw/geo_Animal/geo_AnimalDetection/dataset/processing_small/clipped/247.tif,bird,85,40,66,35
247.tif,/home/cdsw/geo_Animal/geo_AnimalDetection/dataset/processing_small/clipped/247.tif,bird,54,11,48,17
369.tif,/home/cdsw/geo_Animal/geo_AnimalDetection/dataset/processing_small/clipped/369.tif,bird,53,9,44,21
506.tif,/home/cdsw/geo_Animal/geo_AnimalDetection/dataset/processing_small/clipped/506.tif,bird,54,10,48,18
30.tif,/home/cdsw/geo_Animal/geo_AnimalDetection/dataset/processing_small/clipped/30.tif,bird,48,16,45,18
30.tif,/home/cdsw/geo_Animal/geo_AnimalDetection/dataset/processing_small/clipped/30.tif,bird,85,46,62,42
162.tif,/home/cdsw/geo_Animal/geo_AnimalDetection/dataset/processing_small/clipped/162.tif,bird,18,0,26,3
162.tif,/home/cdsw/geo_Animal/geo_AnimalDetection/dataset/processing_small/clipped/162.tif,bird,71,27,17,0
162.tif,/home/cdsw/geo_Animal/geo_AnimalDetection/dataset/processing_small/clipped/162.tif,bird,52,12,41,20
187.tif,/home/cdsw/geo_Animal/geo_AnimalDetection/dataset/processing_small/clipped/187.tif,bird,53,12,46,17
61.tif,/home/cdsw/geo_Animal/geo_AnimalDetection/dataset/processing_small/clipped/61.tif,bird,53,12,43,21
396.tif,/home/cdsw/geo_Animal/geo_AnimalDetection/dataset/processing_small/clipped/396.tif,bird,49,12,46,18
396.tif,/home/cdsw/geo_Animal/geo_AnimalDetection/dataset/processing_small/clipped/396.tif,bird,67,32,83,45
401.tif,/home/cdsw/geo_Animal/geo_AnimalDetection/dataset/processing_small/clipped/401.tif,bird,54,11,50,14
185.tif,/home/cdsw/geo_Animal/geo_AnimalDetection/dataset/processing_small/clipped/185.tif,bird,51,11,49,18
185.tif,/home/cdsw/geo_Animal/geo_AnimalDetection/dataset/processing_small/clipped/185.tif,bird,37,0,74,50
107.tif,/home/cdsw/geo_Animal/geo_AnimalDetection/dataset/processing_small/clipped/107.tif,bird,51,14,44,17
107.tif,/home/cdsw/geo_Animal/geo_AnimalDetection/dataset/processing_small/clipped/107.tif,bird,73,31,62,39
537.tif,/home/cdsw/geo_Animal/geo_AnimalDetection/dataset/processing_small/clipped/537.tif,bird,56,9,45,18
537.tif,/home/cdsw/geo_Animal/geo_AnimalDetection/dataset/processing_small/clipped/537.tif,bird,87,41,75,48
390.tif,/home/cdsw/geo_Animal/geo_AnimalDetection/dataset/processing_small/clipped/390.tif,bird,54,12,48,16
223.tif,/home/cdsw/geo_Animal/geo_AnimalDetection/dataset/processing_small/clipped/223.tif,bird,52,8,42,19
474.tif,/home/cdsw/geo_Animal/geo_AnimalDetection/dataset/processing_small/clipped/474.tif,bird,54,10,45,18
449.tif,/home/cdsw/geo_Animal/geo_AnimalDetection/dataset/processing_small/clipped/449.tif,bird,53,10,47,15
365.tif,/home/cdsw/geo_Animal/geo_AnimalDetection/dataset/processing_small/clipped/365.tif,bird,26,0,15,0
365.tif,/home/cdsw/geo_Animal/geo_AnimalDetection/dataset/processing_small/clipped/365.tif,bird,55,7,47,18
469.tif,/home/cdsw/geo_Animal/geo_AnimalDetection/dataset/processing_small/clipped/469.tif,bird,80,40,72,51
469.tif,/home/cdsw/geo_Animal/geo_AnimalDetection/dataset/processing_small/clipped/469.tif,bird,53,6,49,12
101.tif,/home/cdsw/geo_Animal/geo_AnimalDetection/dataset/processing_small/clipped/101.tif,bird,51,14,45,18
101.tif,/home/cdsw/geo_Animal/geo_AnimalDetection/dataset/processing_small/clipped/101.tif,bird,25,0,72,50
431.tif,/home/cdsw/geo_Animal/geo_AnimalDetection/dataset/processing_small/clipped/431.tif,bird,29,0,26,0
431.tif,/home/cdsw/geo_Animal/geo_AnimalDetection/dataset/processing_small/clipped/431.tif,bird,55,7,45,21
546.tif,/home/cdsw/geo_Animal/geo_AnimalDetection/dataset/processing_small/clipped/546.tif,bird,53,13,47,19
31.tif,/home/cdsw/geo_Animal/geo_AnimalDetection/dataset/processing_small/clipped/31.tif,bird,51,12,41,21
122.tif,/home/cdsw/geo_Animal/geo_AnimalDetection/dataset/processing_small/clipped/122.tif,bird,52,11,46,19
173.tif,/home/cdsw/geo_Animal/geo_AnimalDetection/dataset/processing_small/clipped/173.tif,bird,56,10,47,16
277.tif,/home/cdsw/geo_Animal/geo_AnimalDetection/dataset/processing_small/clipped/277.tif,bird,52,11,45,16
418.tif,/home/cdsw/geo_Animal/geo_AnimalDetection/dataset/processing_small/clipped/418.tif,bird,56,9,45,18
525.tif,/home/cdsw/geo_Animal/geo_AnimalDetection/dataset/processing_small/clipped/525.tif,bird,29,0,63,38
525.tif,/home/cdsw/geo_Animal/geo_AnimalDetection/dataset/processing_small/clipped/525.tif,bird,52,11,43,19
437.tif,/home/cdsw/geo_Animal/geo_AnimalDetection/dataset/processing_small/clipped/437.tif,bird,50,12,44,21
99.tif,/home/cdsw/geo_Animal/geo_AnimalDetection/dataset/processing_small/clipped/99.tif,bird,52,13,43,19
405.tif,/home/cdsw/geo_Animal/geo_AnimalDetection/dataset/processing_small/clipped/405.tif,bird,21,0,23,0
405.tif,/home/cdsw/geo_Animal/geo_AnimalDetection/dataset/processing_small/clipped/405.tif,bird,55,12,51,15
133.tif,/home/cdsw/geo_Animal/geo_AnimalDetection/dataset/processing_small/clipped/133.tif,bird,23,0,30,1
133.tif,/home/cdsw/geo_Animal/geo_AnimalDetection/dataset/processing_small/clipped/133.tif,bird,54,11,43,19
72.tif,/home/cdsw/geo_Animal/geo_AnimalDetection/dataset/processing_small/clipped/72.tif,bird,52,7,43,20
72.tif,/home/cdsw/geo_Animal/geo_AnimalDetection/dataset/processing_small/clipped/72.tif,bird,84,41,76,52
520.tif,/home/cdsw/geo_Animal/geo_AnimalDetection/dataset/processing_small/clipped/520.tif,bird,54,8,43,17
298.tif,/home/cdsw/geo_Animal/geo_AnimalDetection/dataset/processing_small/clipped/298.tif,bird,51,12,43,22
17.tif,/home/cdsw/geo_Animal/geo_AnimalDetection/dataset/processing_small/clipped/17.tif,bird,53,12,43,19
367.tif,/home/cdsw/geo_Animal/geo_AnimalDetection/dataset/processing_small/clipped/367.tif,bird,58,9,50,16
461.tif,/home/cdsw/geo_Animal/geo_AnimalDetection/dataset/processing_small/clipped/461.tif,bird,55,10,49,15
167.tif,/home/cdsw/geo_Animal/geo_AnimalDetection/dataset/processing_small/clipped/167.tif,bird,50,11,43,20
378.tif,/home/cdsw/geo_Animal/geo_AnimalDetection/dataset/processing_small/clipped/378.tif,bird,53,11,43,21
410.tif,/home/cdsw/geo_Animal/geo_AnimalDetection/dataset/processing_small/clipped/410.tif,bird,55,11,45,21
410.tif,/home/cdsw/geo_Animal/geo_AnimalDetection/dataset/processing_small/clipped/410.tif,bird,84,38,76,49
455.tif,/home/cdsw/geo_Animal/geo_AnimalDetection/dataset/processing_small/clipped/455.tif,bird,54,5,46,11
413.tif,/home/cdsw/geo_Animal/geo_AnimalDetection/dataset/processing_small/clipped/413.tif,bird,55,9,45,16
111.tif,/home/cdsw/geo_Animal/geo_AnimalDetection/dataset/processing_small/clipped/111.tif,bird,50,14,45,18
111.tif,/home/cdsw/geo_Animal/geo_AnimalDetection/dataset/processing_small/clipped/111.tif,bird,40,6,71,40
113.tif,/home/cdsw/geo_Animal/geo_AnimalDetection/dataset/processing_small/clipped/113.tif,bird,53,13,42,19
366.tif,/home/cdsw/geo_Animal/geo_AnimalDetection/dataset/processing_small/clipped/366.tif,bird,58,9,50,14
360.tif,/home/cdsw/geo_Animal/geo_AnimalDetection/dataset/processing_small/clipped/360.tif,bird,60,8,46,18
544.tif,/home/cdsw/geo_Animal/geo_AnimalDetection/dataset/processing_small/clipped/544.tif,bird,55,11,45,17
345.tif,/home/cdsw/geo_Animal/geo_AnimalDetection/dataset/processing_small/clipped/345.tif,bird,52,12,44,21
155.tif,/home/cdsw/geo_Animal/geo_AnimalDetection/dataset/processing_small/clipped/155.tif,bird,51,13,44,20
155.tif,/home/cdsw/geo_Animal/geo_AnimalDetection/dataset/processing_small/clipped/155.tif,bird,36,0,69,45
207.tif,/home/cdsw/geo_Animal/geo_AnimalDetection/dataset/processing_small/clipped/207.tif,bird,54,12,45,18
424.tif,/home/cdsw/geo_Animal/geo_AnimalDetection/dataset/processing_small/clipped/424.tif,bird,56,10,44,19
494.tif,/home/cdsw/geo_Animal/geo_AnimalDetection/dataset/processing_small/clipped/494.tif,bird,54,12,45,15
226.tif,/home/cdsw/geo_Animal/geo_AnimalDetection/dataset/processing_small/clipped/226.tif,bird,19,0,11,0
226.tif,/home/cdsw/geo_Animal/geo_AnimalDetection/dataset/processing_small/clipped/226.tif,bird,36,0,62,43
226.tif,/home/cdsw/geo_Animal/geo_AnimalDetection/dataset/processing_small/clipped/226.tif,bird,56,11,46,19
286.tif,/home/cdsw/geo_Animal/geo_AnimalDetection/dataset/processing_small/clipped/286.tif,bird,52,11,46,17
51.tif,/home/cdsw/geo_Animal/geo_AnimalDetection/dataset/processing_small/clipped/51.tif,bird,51,14,44,21
120.tif,/home/cdsw/geo_Animal/geo_AnimalDetection/dataset/processing_small/clipped/120.tif,bird,32,0,25,0
120.tif,/home/cdsw/geo_Animal/geo_AnimalDetection/dataset/processing_small/clipped/120.tif,bird,54,12,43,20
438.tif,/home/cdsw/geo_Animal/geo_AnimalDetection/dataset/processing_small/clipped/438.tif,bird,54,10,46,19
382.tif,/home/cdsw/geo_Animal/geo_AnimalDetection/dataset/processing_small/clipped/382.tif,bird,32,0,23,0
382.tif,/home/cdsw/geo_Animal/geo_AnimalDetection/dataset/processing_small/clipped/382.tif,bird,79,35,20,0
382.tif,/home/cdsw/geo_Animal/geo_AnimalDetection/dataset/processing_small/clipped/382.tif,bird,53,11,51,14
141.tif,/home/cdsw/geo_Animal/geo_AnimalDetection/dataset/processing_small/clipped/141.tif,bird,51,13,41,21
43.tif,/home/cdsw/geo_Animal/geo_AnimalDetection/dataset/processing_small/clipped/43.tif,bird,52,11,43,21
409.tif,/home/cdsw/geo_Animal/geo_AnimalDetection/dataset/processing_small/clipped/409.tif,bird,51,10,43,20
549.tif,/home/cdsw/geo_Animal/geo_AnimalDetection/dataset/processing_small/clipped/549.tif,bird,53,10,44,18
436.tif,/home/cdsw/geo_Animal/geo_AnimalDetection/dataset/processing_small/clipped/436.tif,bird,55,8,49,13
527.tif,/home/cdsw/geo_Animal/geo_AnimalDetection/dataset/processing_small/clipped/527.tif,bird,53,13,46,18
249.tif,/home/cdsw/geo_Animal/geo_AnimalDetection/dataset/processing_small/clipped/249.tif,bird,55,10,43,18
249.tif,/home/cdsw/geo_Animal/geo_AnimalDetection/dataset/processing_small/clipped/249.tif,bird,78,37,23,0
536.tif,/home/cdsw/geo_Animal/geo_AnimalDetection/dataset/processing_small/clipped/536.tif,bird,52,10,43,18
481.tif,/home/cdsw/geo_Animal/geo_AnimalDetection/dataset/processing_small/clipped/481.tif,bird,58,7,47,19
202.tif,/home/cdsw/geo_Animal/geo_AnimalDetection/dataset/processing_small/clipped/202.tif,bird,54,11,44,19
9.tif,/home/cdsw/geo_Animal/geo_AnimalDetection/dataset/processing_small/clipped/9.tif,bird,48,11,48,20
102.tif,/home/cdsw/geo_Animal/geo_AnimalDetection/dataset/processing_small/clipped/102.tif,bird,79,42,16,0
102.tif,/home/cdsw/geo_Animal/geo_AnimalDetection/dataset/processing_small/clipped/102.tif,bird,53,13,43,21
259.tif,/home/cdsw/geo_Animal/geo_AnimalDetection/dataset/processing_small/clipped/259.tif,bird,54,8,50,16
411.tif,/home/cdsw/geo_Animal/geo_AnimalDetection/dataset/processing_small/clipped/411.tif,bird,56,10,48,15
411.tif,/home/cdsw/geo_Animal/geo_AnimalDetection/dataset/processing_small/clipped/411.tif,bird,82,34,76,47
300.tif,/home/cdsw/geo_Animal/geo_AnimalDetection/dataset/processing_small/clipped/300.tif,bird,34,0,14,0
300.tif,/home/cdsw/geo_Animal/geo_AnimalDetection/dataset/processing_small/clipped/300.tif,bird,51,14,45,20
447.tif,/home/cdsw/geo_Animal/geo_AnimalDetection/dataset/processing_small/clipped/447.tif,bird,54,12,47,15
434.tif,/home/cdsw/geo_Animal/geo_AnimalDetection/dataset/processing_small/clipped/434.tif,bird,53,13,45,21
434.tif,/home/cdsw/geo_Animal/geo_AnimalDetection/dataset/processing_small/clipped/434.tif,bird,82,40,64,34
179.tif,/home/cdsw/geo_Animal/geo_AnimalDetection/dataset/processing_small/clipped/179.tif,bird,54,12,42,20
29.tif,/home/cdsw/geo_Animal/geo_AnimalDetection/dataset/processing_small/clipped/29.tif,bird,51,12,47,20
42.tif,/home/cdsw/geo_Animal/geo_AnimalDetection/dataset/processing_small/clipped/42.tif,bird,51,12,42,21
376.tif,/home/cdsw/geo_Animal/geo_AnimalDetection/dataset/processing_small/clipped/376.tif,bird,55,8,45,18
112.tif,/home/cdsw/geo_Animal/geo_AnimalDetection/dataset/processing_small/clipped/112.tif,bird,60,24,20,0
112.tif,/home/cdsw/geo_Animal/geo_AnimalDetection/dataset/processing_small/clipped/112.tif,bird,50,16,46,15
510.tif,/home/cdsw/geo_Animal/geo_AnimalDetection/dataset/processing_small/clipped/510.tif,bird,32,0,15,0
510.tif,/home/cdsw/geo_Animal/geo_AnimalDetection/dataset/processing_small/clipped/510.tif,bird,75,29,15,0
510.tif,/home/cdsw/geo_Animal/geo_AnimalDetection/dataset/processing_small/clipped/510.tif,bird,50,15,52,14
47.tif,/home/cdsw/geo_Animal/geo_AnimalDetection/dataset/processing_small/clipped/47.tif,bird,50,11,42,21
324.tif,/home/cdsw/geo_Animal/geo_AnimalDetection/dataset/processing_small/clipped/324.tif,bird,54,12,43,19
517.tif,/home/cdsw/geo_Animal/geo_AnimalDetection/dataset/processing_small/clipped/517.tif,bird,49,12,46,17
433.tif,/home/cdsw/geo_Animal/geo_AnimalDetection/dataset/processing_small/clipped/433.tif,bird,55,9,46,13
95.tif,/home/cdsw/geo_Animal/geo_AnimalDetection/dataset/processing_small/clipped/95.tif,bird,55,11,50,18
492.tif,/home/cdsw/geo_Animal/geo_AnimalDetection/dataset/processing_small/clipped/492.tif,bird,55,12,50,15
13.tif,/home/cdsw/geo_Animal/geo_AnimalDetection/dataset/processing_small/clipped/13.tif,bird,51,13,42,21
395.tif,/home/cdsw/geo_Animal/geo_AnimalDetection/dataset/processing_small/clipped/395.tif,bird,52,13,46,18
166.tif,/home/cdsw/geo_Animal/geo_AnimalDetection/dataset/processing_small/clipped/166.tif,bird,50,16,49,14
24.tif,/home/cdsw/geo_Animal/geo_AnimalDetection/dataset/processing_small/clipped/24.tif,bird,54,12,44,22
372.tif,/home/cdsw/geo_Animal/geo_AnimalDetection/dataset/processing_small/clipped/372.tif,bird,55,8,49,15
372.tif,/home/cdsw/geo_Animal/geo_AnimalDetection/dataset/processing_small/clipped/372.tif,bird,83,38,72,43
131.tif,/home/cdsw/geo_Animal/geo_AnimalDetection/dataset/processing_small/clipped/131.tif,bird,21,0,23,4
131.tif,/home/cdsw/geo_Animal/geo_AnimalDetection/dataset/processing_small/clipped/131.tif,bird,53,12,44,18
528.tif,/home/cdsw/geo_Animal/geo_AnimalDetection/dataset/processing_small/clipped/528.tif,bird,52,10,44,18
50.tif,/home/cdsw/geo_Animal/geo_AnimalDetection/dataset/processing_small/clipped/50.tif,bird,51,14,44,20
50.tif,/home/cdsw/geo_Animal/geo_AnimalDetection/dataset/processing_small/clipped/50.tif,bird,83,43,54,31
380.tif,/home/cdsw/geo_Animal/geo_AnimalDetection/dataset/processing_small/clipped/380.tif,bird,53,9,47,17
380.tif,/home/cdsw/geo_Animal/geo_AnimalDetection/dataset/processing_small/clipped/380.tif,bird,27,0,78,41
92.tif,/home/cdsw/geo_Animal/geo_AnimalDetection/dataset/processing_small/clipped/92.tif,bird,53,11,49,15
137.tif,/home/cdsw/geo_Animal/geo_AnimalDetection/dataset/processing_small/clipped/137.tif,bird,51,12,47,18
482.tif,/home/cdsw/geo_Animal/geo_AnimalDetection/dataset/processing_small/clipped/482.tif,bird,58,5,45,16
482.tif,/home/cdsw/geo_Animal/geo_AnimalDetection/dataset/processing_small/clipped/482.tif,bird,36,0,79,50
505.tif,/home/cdsw/geo_Animal/geo_AnimalDetection/dataset/processing_small/clipped/505.tif,bird,76,28,11,0
505.tif,/home/cdsw/geo_Animal/geo_AnimalDetection/dataset/processing_small/clipped/505.tif,bird,55,9,45,16
450.tif,/home/cdsw/geo_Animal/geo_AnimalDetection/dataset/processing_small/clipped/450.tif,bird,53,8,46,16
444.tif,/home/cdsw/geo_Animal/geo_AnimalDetection/dataset/processing_small/clipped/444.tif,bird,52,9,46,20
254.tif,/home/cdsw/geo_Animal/geo_AnimalDetection/dataset/processing_small/clipped/254.tif,bird,51,11,42,23
287.tif,/home/cdsw/geo_Animal/geo_AnimalDetection/dataset/processing_small/clipped/287.tif,bird,55,12,44,21
322.tif,/home/cdsw/geo_Animal/geo_AnimalDetection/dataset/processing_small/clipped/322.tif,bird,52,13,48,16
71.tif,/home/cdsw/geo_Animal/geo_AnimalDetection/dataset/processing_small/clipped/71.tif,bird,49,14,42,21
521.tif,/home/cdsw/geo_Animal/geo_AnimalDetection/dataset/processing_small/clipped/521.tif,bird,50,11,41,19
487.tif,/home/cdsw/geo_Animal/geo_AnimalDetection/dataset/processing_small/clipped/487.tif,bird,83,32,15,0
487.tif,/home/cdsw/geo_Animal/geo_AnimalDetection/dataset/processing_small/clipped/487.tif,bird,53,10,48,16
139.tif,/home/cdsw/geo_Animal/geo_AnimalDetection/dataset/processing_small/clipped/139.tif,bird,52,11,45,19
197.tif,/home/cdsw/geo_Animal/geo_AnimalDetection/dataset/processing_small/clipped/197.tif,bird,66,26,19,0
197.tif,/home/cdsw/geo_Animal/geo_AnimalDetection/dataset/processing_small/clipped/197.tif,bird,52,11,44,20
312.tif,/home/cdsw/geo_Animal/geo_AnimalDetection/dataset/processing_small/clipped/312.tif,bird,20,0,65,41
312.tif,/home/cdsw/geo_Animal/geo_AnimalDetection/dataset/processing_small/clipped/312.tif,bird,53,12,50,16
7.tif,/home/cdsw/geo_Animal/geo_AnimalDetection/dataset/processing_small/clipped/7.tif,bird,51,13,42,21
459.tif,/home/cdsw/geo_Animal/geo_AnimalDetection/dataset/processing_small/clipped/459.tif,bird,55,9,49,14
547.tif,/home/cdsw/geo_Animal/geo_AnimalDetection/dataset/processing_small/clipped/547.tif,bird,51,11,45,16
35.tif,/home/cdsw/geo_Animal/geo_AnimalDetection/dataset/processing_small/clipped/35.tif,bird,49,14,43,21
35.tif,/home/cdsw/geo_Animal/geo_AnimalDetection/dataset/processing_small/clipped/35.tif,bird,56,19,69,47
237.tif,/home/cdsw/geo_Animal/geo_AnimalDetection/dataset/processing_small/clipped/237.tif,bird,52,12,49,14
415.tif,/home/cdsw/geo_Animal/geo_AnimalDetection/dataset/processing_small/clipped/415.tif,bird,57,11,49,13
415.tif,/home/cdsw/geo_Animal/geo_AnimalDetection/dataset/processing_small/clipped/415.tif,bird,38,0,75,48
423.tif,/home/cdsw/geo_Animal/geo_AnimalDetection/dataset/processing_small/clipped/423.tif,bird,24,0,24,0
423.tif,/home/cdsw/geo_Animal/geo_AnimalDetection/dataset/processing_small/clipped/423.tif,bird,54,9,43,18
275.tif,/home/cdsw/geo_Animal/geo_AnimalDetection/dataset/processing_small/clipped/275.tif,bird,53,12,43,18
142.tif,/home/cdsw/geo_Animal/geo_AnimalDetection/dataset/processing_small/clipped/142.tif,bird,52,12,48,16
142.tif,/home/cdsw/geo_Animal/geo_AnimalDetection/dataset/processing_small/clipped/142.tif,bird,66,45,79,42
19.tif,/home/cdsw/geo_Animal/geo_AnimalDetection/dataset/processing_small/clipped/19.tif,bird,51,13,42,23
422.tif,/home/cdsw/geo_Animal/geo_AnimalDetection/dataset/processing_small/clipped/422.tif,bird,56,11,76,41
422.tif,/home/cdsw/geo_Animal/geo_AnimalDetection/dataset/processing_small/clipped/422.tif,bird,55,10,48,17
269.tif,/home/cdsw/geo_Animal/geo_AnimalDetection/dataset/processing_small/clipped/269.tif,bird,49,5,75,47
269.tif,/home/cdsw/geo_Animal/geo_AnimalDetection/dataset/processing_small/clipped/269.tif,bird,22,0,46,21
269.tif,/home/cdsw/geo_Animal/geo_AnimalDetection/dataset/processing_small/clipped/269.tif,bird,51,14,49,16
269.tif,/home/cdsw/geo_Animal/geo_AnimalDetection/dataset/processing_small/clipped/269.tif,bird,24,0,16,0
104.tif,/home/cdsw/geo_Animal/geo_AnimalDetection/dataset/processing_small/clipped/104.tif,bird,50,14,51,16
290.tif,/home/cdsw/geo_Animal/geo_AnimalDetection/dataset/processing_small/clipped/290.tif,bird,50,12,46,18
105.tif,/home/cdsw/geo_Animal/geo_AnimalDetection/dataset/processing_small/clipped/105.tif,bird,53,11,46,20
5.tif,/home/cdsw/geo_Animal/geo_AnimalDetection/dataset/processing_small/clipped/5.tif,bird,53,12,46,18
346.tif,/home/cdsw/geo_Animal/geo_AnimalDetection/dataset/processing_small/clipped/346.tif,bird,28,0,62,35
346.tif,/home/cdsw/geo_Animal/geo_AnimalDetection/dataset/processing_small/clipped/346.tif,bird,51,12,42,22
46.tif,/home/cdsw/geo_Animal/geo_AnimalDetection/dataset/processing_small/clipped/46.tif,bird,52,13,44,21
46.tif,/home/cdsw/geo_Animal/geo_AnimalDetection/dataset/processing_small/clipped/46.tif,bird,80,43,65,44
165.tif,/home/cdsw/geo_Animal/geo_AnimalDetection/dataset/processing_small/clipped/165.tif,bird,52,11,48,19
132.tif,/home/cdsw/geo_Animal/geo_AnimalDetection/dataset/processing_small/clipped/132.tif,bird,55,10,46,17
213.tif,/home/cdsw/geo_Animal/geo_AnimalDetection/dataset/processing_small/clipped/213.tif,bird,54,9,47,19
100.tif,/home/cdsw/geo_Animal/geo_AnimalDetection/dataset/processing_small/clipped/100.tif,bird,53,12,41,22
408.tif,/home/cdsw/geo_Animal/geo_AnimalDetection/dataset/processing_small/clipped/408.tif,bird,22,0,17,0
408.tif,/home/cdsw/geo_Animal/geo_AnimalDetection/dataset/processing_small/clipped/408.tif,bird,52,11,48,17
177.tif,/home/cdsw/geo_Animal/geo_AnimalDetection/dataset/processing_small/clipped/177.tif,bird,52,14,40,24
144.tif,/home/cdsw/geo_Animal/geo_AnimalDetection/dataset/processing_small/clipped/144.tif,bird,47,18,24,0
144.tif,/home/cdsw/geo_Animal/geo_AnimalDetection/dataset/processing_small/clipped/144.tif,bird,55,8,46,19
509.tif,/home/cdsw/geo_Animal/geo_AnimalDetection/dataset/processing_small/clipped/509.tif,bird,67,30,14,0
509.tif,/home/cdsw/geo_Animal/geo_AnimalDetection/dataset/processing_small/clipped/509.tif,bird,46,16,49,14
504.tif,/home/cdsw/geo_Animal/geo_AnimalDetection/dataset/processing_small/clipped/504.tif,bird,29,0,19,0
504.tif,/home/cdsw/geo_Animal/geo_AnimalDetection/dataset/processing_small/clipped/504.tif,bird,54,10,46,17
146.tif,/home/cdsw/geo_Animal/geo_AnimalDetection/dataset/processing_small/clipped/146.tif,bird,54,9,42,21
146.tif,/home/cdsw/geo_Animal/geo_AnimalDetection/dataset/processing_small/clipped/146.tif,bird,74,35,70,44
258.tif,/home/cdsw/geo_Animal/geo_AnimalDetection/dataset/processing_small/clipped/258.tif,bird,56,11,46,16
192.tif,/home/cdsw/geo_Animal/geo_AnimalDetection/dataset/processing_small/clipped/192.tif,bird,51,11,44,19
10.tif,/home/cdsw/geo_Animal/geo_AnimalDetection/dataset/processing_small/clipped/10.tif,bird,52,14,43,23
430.tif,/home/cdsw/geo_Animal/geo_AnimalDetection/dataset/processing_small/clipped/430.tif,bird,56,10,50,15
430.tif,/home/cdsw/geo_Animal/geo_AnimalDetection/dataset/processing_small/clipped/430.tif,bird,82,34,69,45
342.tif,/home/cdsw/geo_Animal/geo_AnimalDetection/dataset/processing_small/clipped/342.tif,bird,54,11,45,19
26.tif,/home/cdsw/geo_Animal/geo_AnimalDetection/dataset/processing_small/clipped/26.tif,bird,53,10,45,17
394.tif,/home/cdsw/geo_Animal/geo_AnimalDetection/dataset/processing_small/clipped/394.tif,bird,53,11,50,14
538.tif,/home/cdsw/geo_Animal/geo_AnimalDetection/dataset/processing_small/clipped/538.tif,bird,25,0,14,0
538.tif,/home/cdsw/geo_Animal/geo_AnimalDetection/dataset/processing_small/clipped/538.tif,bird,56,10,44,17
490.tif,/home/cdsw/geo_Animal/geo_AnimalDetection/dataset/processing_small/clipped/490.tif,bird,53,11,44,18
379.tif,/home/cdsw/geo_Animal/geo_AnimalDetection/dataset/processing_small/clipped/379.tif,bird,53,10,47,17
379.tif,/home/cdsw/geo_Animal/geo_AnimalDetection/dataset/processing_small/clipped/379.tif,bird,74,32,75,38
39.tif,/home/cdsw/geo_Animal/geo_AnimalDetection/dataset/processing_small/clipped/39.tif,bird,50,11,42,19
39.tif,/home/cdsw/geo_Animal/geo_AnimalDetection/dataset/processing_small/clipped/39.tif,bird,23,0,23,0
39.tif,/home/cdsw/geo_Animal/geo_AnimalDetection/dataset/processing_small/clipped/39.tif,bird,19,0,58,39
374.tif,/home/cdsw/geo_Animal/geo_AnimalDetection/dataset/processing_small/clipped/374.tif,bird,58,8,50,16
295.tif,/home/cdsw/geo_Animal/geo_AnimalDetection/dataset/processing_small/clipped/295.tif,bird,53,14,44,19
81.tif,/home/cdsw/geo_Animal/geo_AnimalDetection/dataset/processing_small/clipped/81.tif,bird,56,8,44,21
373.tif,/home/cdsw/geo_Animal/geo_AnimalDetection/dataset/processing_small/clipped/373.tif,bird,28,0,23,0
373.tif,/home/cdsw/geo_Animal/geo_AnimalDetection/dataset/processing_small/clipped/373.tif,bird,56,11,46,17
60.tif,/home/cdsw/geo_Animal/geo_AnimalDetection/dataset/processing_small/clipped/60.tif,bird,53,12,43,21
530.tif,/home/cdsw/geo_Animal/geo_AnimalDetection/dataset/processing_small/clipped/530.tif,bird,51,11,43,18
67.tif,/home/cdsw/geo_Animal/geo_AnimalDetection/dataset/processing_small/clipped/67.tif,bird,81,39,13,0
67.tif,/home/cdsw/geo_Animal/geo_AnimalDetection/dataset/processing_small/clipped/67.tif,bird,52,11,43,20
344.tif,/home/cdsw/geo_Animal/geo_AnimalDetection/dataset/processing_small/clipped/344.tif,bird,59,11,44,17
344.tif,/home/cdsw/geo_Animal/geo_AnimalDetection/dataset/processing_small/clipped/344.tif,bird,82,43,24,4
54.tif,/home/cdsw/geo_Animal/geo_AnimalDetection/dataset/processing_small/clipped/54.tif,bird,20,0,34,10
54.tif,/home/cdsw/geo_Animal/geo_AnimalDetection/dataset/processing_small/clipped/54.tif,bird,59,20,19,0
54.tif,/home/cdsw/geo_Animal/geo_AnimalDetection/dataset/processing_small/clipped/54.tif,bird,52,12,44,21
516.tif,/home/cdsw/geo_Animal/geo_AnimalDetection/dataset/processing_small/clipped/516.tif,bird,53,11,47,13
59.tif,/home/cdsw/geo_Animal/geo_AnimalDetection/dataset/processing_small/clipped/59.tif,bird,50,15,44,19
59.tif,/home/cdsw/geo_Animal/geo_AnimalDetection/dataset/processing_small/clipped/59.tif,bird,79,39,74,50
220.tif,/home/cdsw/geo_Animal/geo_AnimalDetection/dataset/processing_small/clipped/220.tif,bird,58,13,46,18
220.tif,/home/cdsw/geo_Animal/geo_AnimalDetection/dataset/processing_small/clipped/220.tif,bird,25,0,19,0
276.tif,/home/cdsw/geo_Animal/geo_AnimalDetection/dataset/processing_small/clipped/276.tif,bird,45,4,78,47
276.tif,/home/cdsw/geo_Animal/geo_AnimalDetection/dataset/processing_small/clipped/276.tif,bird,52,13,46,14
212.tif,/home/cdsw/geo_Animal/geo_AnimalDetection/dataset/processing_small/clipped/212.tif,bird,52,12,46,18
265.tif,/home/cdsw/geo_Animal/geo_AnimalDetection/dataset/processing_small/clipped/265.tif,bird,51,11,47,15
109.tif,/home/cdsw/geo_Animal/geo_AnimalDetection/dataset/processing_small/clipped/109.tif,bird,40,0,69,49
109.tif,/home/cdsw/geo_Animal/geo_AnimalDetection/dataset/processing_small/clipped/109.tif,bird,54,11,43,20
109.tif,/home/cdsw/geo_Animal/geo_AnimalDetection/dataset/processing_small/clipped/109.tif,bird,27,0,13,0
215.tif,/home/cdsw/geo_Animal/geo_AnimalDetection/dataset/processing_small/clipped/215.tif,bird,28,0,15,0
215.tif,/home/cdsw/geo_Animal/geo_AnimalDetection/dataset/processing_small/clipped/215.tif,bird,51,13,50,17
12.tif,/home/cdsw/geo_Animal/geo_AnimalDetection/dataset/processing_small/clipped/12.tif,bird,53,10,48,14
388.tif,/home/cdsw/geo_Animal/geo_AnimalDetection/dataset/processing_small/clipped/388.tif,bird,25,0,15,0
388.tif,/home/cdsw/geo_Animal/geo_AnimalDetection/dataset/processing_small/clipped/388.tif,bird,51,11,43,18
460.tif,/home/cdsw/geo_Animal/geo_AnimalDetection/dataset/processing_small/clipped/460.tif,bird,65,19,17,0
460.tif,/home/cdsw/geo_Animal/geo_AnimalDetection/dataset/processing_small/clipped/460.tif,bird,53,6,50,14
386.tif,/home/cdsw/geo_Animal/geo_AnimalDetection/dataset/processing_small/clipped/386.tif,bird,53,11,48,15
386.tif,/home/cdsw/geo_Animal/geo_AnimalDetection/dataset/processing_small/clipped/386.tif,bird,73,32,75,45
128.tif,/home/cdsw/geo_Animal/geo_AnimalDetection/dataset/processing_small/clipped/128.tif,bird,50,13,51,16
403.tif,/home/cdsw/geo_Animal/geo_AnimalDetection/dataset/processing_small/clipped/403.tif,bird,54,9,45,20
435.tif,/home/cdsw/geo_Animal/geo_AnimalDetection/dataset/processing_small/clipped/435.tif,bird,58,10,47,17
351.tif,/home/cdsw/geo_Animal/geo_AnimalDetection/dataset/processing_small/clipped/351.tif,bird,52,7,45,20
439.tif,/home/cdsw/geo_Animal/geo_AnimalDetection/dataset/processing_small/clipped/439.tif,bird,52,11,43,18
44.tif,/home/cdsw/geo_Animal/geo_AnimalDetection/dataset/processing_small/clipped/44.tif,bird,52,15,44,22
238.tif,/home/cdsw/geo_Animal/geo_AnimalDetection/dataset/processing_small/clipped/238.tif,bird,49,17,53,12
163.tif,/home/cdsw/geo_Animal/geo_AnimalDetection/dataset/processing_small/clipped/163.tif,bird,50,13,41,23
261.tif,/home/cdsw/geo_Animal/geo_AnimalDetection/dataset/processing_small/clipped/261.tif,bird,51,14,43,23
338.tif,/home/cdsw/geo_Animal/geo_AnimalDetection/dataset/processing_small/clipped/338.tif,bird,53,11,49,14
127.tif,/home/cdsw/geo_Animal/geo_AnimalDetection/dataset/processing_small/clipped/127.tif,bird,51,14,51,15
175.tif,/home/cdsw/geo_Animal/geo_AnimalDetection/dataset/processing_small/clipped/175.tif,bird,48,12,46,18
364.tif,/home/cdsw/geo_Animal/geo_AnimalDetection/dataset/processing_small/clipped/364.tif,bird,51,10,47,19
150.tif,/home/cdsw/geo_Animal/geo_AnimalDetection/dataset/processing_small/clipped/150.tif,bird,61,22,12,0
150.tif,/home/cdsw/geo_Animal/geo_AnimalDetection/dataset/processing_small/clipped/150.tif,bird,51,10,46,20
229.tif,/home/cdsw/geo_Animal/geo_AnimalDetection/dataset/processing_small/clipped/229.tif,bird,55,10,49,14
229.tif,/home/cdsw/geo_Animal/geo_AnimalDetection/dataset/processing_small/clipped/229.tif,bird,82,40,72,42
485.tif,/home/cdsw/geo_Animal/geo_AnimalDetection/dataset/processing_small/clipped/485.tif,bird,70,26,17,0
485.tif,/home/cdsw/geo_Animal/geo_AnimalDetection/dataset/processing_small/clipped/485.tif,bird,55,11,48,17
531.tif,/home/cdsw/geo_Animal/geo_AnimalDetection/dataset/processing_small/clipped/531.tif,bird,54,8,44,19
294.tif,/home/cdsw/geo_Animal/geo_AnimalDetection/dataset/processing_small/clipped/294.tif,bird,52,11,44,18
294.tif,/home/cdsw/geo_Animal/geo_AnimalDetection/dataset/processing_small/clipped/294.tif,bird,79,38,17,0
318.tif,/home/cdsw/geo_Animal/geo_AnimalDetection/dataset/processing_small/clipped/318.tif,bird,52,10,45,19
541.tif,/home/cdsw/geo_Animal/geo_AnimalDetection/dataset/processing_small/clipped/541.tif,bird,67,27,19,0
541.tif,/home/cdsw/geo_Animal/geo_AnimalDetection/dataset/processing_small/clipped/541.tif,bird,55,10,48,19
171.tif,/home/cdsw/geo_Animal/geo_AnimalDetection/dataset/processing_small/clipped/171.tif,bird,52,11,44,21
195.tif,/home/cdsw/geo_Animal/geo_AnimalDetection/dataset/processing_small/clipped/195.tif,bird,53,11,43,22
199.tif,/home/cdsw/geo_Animal/geo_AnimalDetection/dataset/processing_small/clipped/199.tif,bird,55,11,43,18
158.tif,/home/cdsw/geo_Animal/geo_AnimalDetection/dataset/processing_small/clipped/158.tif,bird,29,0,20,0
158.tif,/home/cdsw/geo_Animal/geo_AnimalDetection/dataset/processing_small/clipped/158.tif,bird,43,22,51,14
288.tif,/home/cdsw/geo_Animal/geo_AnimalDetection/dataset/processing_small/clipped/288.tif,bird,52,12,46,19
147.tif,/home/cdsw/geo_Animal/geo_AnimalDetection/dataset/processing_small/clipped/147.tif,bird,31,0,17,0
147.tif,/home/cdsw/geo_Animal/geo_AnimalDetection/dataset/processing_small/clipped/147.tif,bird,51,12,45,19
205.tif,/home/cdsw/geo_Animal/geo_AnimalDetection/dataset/processing_small/clipped/205.tif,bird,53,10,42,21
149.tif,/home/cdsw/geo_Animal/geo_AnimalDetection/dataset/processing_small/clipped/149.tif,bird,51,13,42,24
427.tif,/home/cdsw/geo_Animal/geo_AnimalDetection/dataset/processing_small/clipped/427.tif,bird,55,9,48,16
230.tif,/home/cdsw/geo_Animal/geo_AnimalDetection/dataset/processing_small/clipped/230.tif,bird,57,8,49,16
299.tif,/home/cdsw/geo_Animal/geo_AnimalDetection/dataset/processing_small/clipped/299.tif,bird,54,9,45,17
421.tif,/home/cdsw/geo_Animal/geo_AnimalDetection/dataset/processing_small/clipped/421.tif,bird,54,9,48,13
421.tif,/home/cdsw/geo_Animal/geo_AnimalDetection/dataset/processing_small/clipped/421.tif,bird,53,8,20,0
251.tif,/home/cdsw/geo_Animal/geo_AnimalDetection/dataset/processing_small/clipped/251.tif,bird,52,12,48,17
255.tif,/home/cdsw/geo_Animal/geo_AnimalDetection/dataset/processing_small/clipped/255.tif,bird,51,12,41,23
508.tif,/home/cdsw/geo_Animal/geo_AnimalDetection/dataset/processing_small/clipped/508.tif,bird,52,9,44,19
186.tif,/home/cdsw/geo_Animal/geo_AnimalDetection/dataset/processing_small/clipped/186.tif,bird,55,11,45,20
186.tif,/home/cdsw/geo_Animal/geo_AnimalDetection/dataset/processing_small/clipped/186.tif,bird,80,40,61,43
497.tif,/home/cdsw/geo_Animal/geo_AnimalDetection/dataset/processing_small/clipped/497.tif,bird,53,10,45,19
285.tif,/home/cdsw/geo_Animal/geo_AnimalDetection/dataset/processing_small/clipped/285.tif,bird,51,12,42,21
244.tif,/home/cdsw/geo_Animal/geo_AnimalDetection/dataset/processing_small/clipped/244.tif,bird,51,7,44,18
268.tif,/home/cdsw/geo_Animal/geo_AnimalDetection/dataset/processing_small/clipped/268.tif,bird,53,21,23,0
268.tif,/home/cdsw/geo_Animal/geo_AnimalDetection/dataset/processing_small/clipped/268.tif,bird,51,13,52,14
40.tif,/home/cdsw/geo_Animal/geo_AnimalDetection/dataset/processing_small/clipped/40.tif,bird,53,13,44,23
470.tif,/home/cdsw/geo_Animal/geo_AnimalDetection/dataset/processing_small/clipped/470.tif,bird,56,9,44,18
188.tif,/home/cdsw/geo_Animal/geo_AnimalDetection/dataset/processing_small/clipped/188.tif,bird,55,11,43,19
188.tif,/home/cdsw/geo_Animal/geo_AnimalDetection/dataset/processing_small/clipped/188.tif,bird,30,0,31,3
188.tif,/home/cdsw/geo_Animal/geo_AnimalDetection/dataset/processing_small/clipped/188.tif,bird,80,43,27,0
273.tif,/home/cdsw/geo_Animal/geo_AnimalDetection/dataset/processing_small/clipped/273.tif,bird,51,13,47,18
75.tif,/home/cdsw/geo_Animal/geo_AnimalDetection/dataset/processing_small/clipped/75.tif,bird,52,15,46,18
196.tif,/home/cdsw/geo_Animal/geo_AnimalDetection/dataset/processing_small/clipped/196.tif,bird,53,11,45,20
341.tif,/home/cdsw/geo_Animal/geo_AnimalDetection/dataset/processing_small/clipped/341.tif,bird,55,10,52,13
126.tif,/home/cdsw/geo_Animal/geo_AnimalDetection/dataset/processing_small/clipped/126.tif,bird,53,10,44,22
225.tif,/home/cdsw/geo_Animal/geo_AnimalDetection/dataset/processing_small/clipped/225.tif,bird,26,0,23,6
225.tif,/home/cdsw/geo_Animal/geo_AnimalDetection/dataset/processing_small/clipped/225.tif,bird,65,19,80,46
225.tif,/home/cdsw/geo_Animal/geo_AnimalDetection/dataset/processing_small/clipped/225.tif,bird,56,10,41,22
225.tif,/home/cdsw/geo_Animal/geo_AnimalDetection/dataset/processing_small/clipped/225.tif,bird,76,31,25,0
539.tif,/home/cdsw/geo_Animal/geo_AnimalDetection/dataset/processing_small/clipped/539.tif,bird,55,8,46,13
260.tif,/home/cdsw/geo_Animal/geo_AnimalDetection/dataset/processing_small/clipped/260.tif,bird,53,9,46,18
260.tif,/home/cdsw/geo_Animal/geo_AnimalDetection/dataset/processing_small/clipped/260.tif,bird,26,0,17,0
260.tif,/home/cdsw/geo_Animal/geo_AnimalDetection/dataset/processing_small/clipped/260.tif,bird,55,18,20,0
358.tif,/home/cdsw/geo_Animal/geo_AnimalDetection/dataset/processing_small/clipped/358.tif,bird,53,9,47,16
53.tif,/home/cdsw/geo_Animal/geo_AnimalDetection/dataset/processing_small/clipped/53.tif,bird,52,13,44,19
53.tif,/home/cdsw/geo_Animal/geo_AnimalDetection/dataset/processing_small/clipped/53.tif,bird,45,5,69,46
512.tif,/home/cdsw/geo_Animal/geo_AnimalDetection/dataset/processing_small/clipped/512.tif,bird,43,3,19,0
512.tif,/home/cdsw/geo_Animal/geo_AnimalDetection/dataset/processing_small/clipped/512.tif,bird,55,10,44,16
512.tif,/home/cdsw/geo_Animal/geo_AnimalDetection/dataset/processing_small/clipped/512.tif,bird,75,36,24,2
134.tif,/home/cdsw/geo_Animal/geo_AnimalDetection/dataset/processing_small/clipped/134.tif,bird,55,10,45,18
134.tif,/home/cdsw/geo_Animal/geo_AnimalDetection/dataset/processing_small/clipped/134.tif,bird,77,39,67,48
303.tif,/home/cdsw/geo_Animal/geo_AnimalDetection/dataset/processing_small/clipped/303.tif,bird,51,12,52,13
465.tif,/home/cdsw/geo_Animal/geo_AnimalDetection/dataset/processing_small/clipped/465.tif,bird,54,8,48,15
377.tif,/home/cdsw/geo_Animal/geo_AnimalDetection/dataset/processing_small/clipped/377.tif,bird,50,15,54,10
34.tif,/home/cdsw/geo_Animal/geo_AnimalDetection/dataset/processing_small/clipped/34.tif,bird,17,0,25,0
34.tif,/home/cdsw/geo_Animal/geo_AnimalDetection/dataset/processing_small/clipped/34.tif,bird,54,15,42,22
90.tif,/home/cdsw/geo_Animal/geo_AnimalDetection/dataset/processing_small/clipped/90.tif,bird,55,12,44,22
233.tif,/home/cdsw/geo_Animal/geo_AnimalDetection/dataset/processing_small/clipped/233.tif,bird,52,9,42,18
406.tif,/home/cdsw/geo_Animal/geo_AnimalDetection/dataset/processing_small/clipped/406.tif,bird,53,10,46,17
533.tif,/home/cdsw/geo_Animal/geo_AnimalDetection/dataset/processing_small/clipped/533.tif,bird,51,10,46,19
533.tif,/home/cdsw/geo_Animal/geo_AnimalDetection/dataset/processing_small/clipped/533.tif,bird,82,37,65,36
466.tif,/home/cdsw/geo_Animal/geo_AnimalDetection/dataset/processing_small/clipped/466.tif,bird,55,10,45,16
143.tif,/home/cdsw/geo_Animal/geo_AnimalDetection/dataset/processing_small/clipped/143.tif,bird,52,10,45,18
291.tif,/home/cdsw/geo_Animal/geo_AnimalDetection/dataset/processing_small/clipped/291.tif,bird,50,13,49,18
316.tif,/home/cdsw/geo_Animal/geo_AnimalDetection/dataset/processing_small/clipped/316.tif,bird,19,0,23,0
316.tif,/home/cdsw/geo_Animal/geo_AnimalDetection/dataset/processing_small/clipped/316.tif,bird,48,10,49,14
339.tif,/home/cdsw/geo_Animal/geo_AnimalDetection/dataset/processing_small/clipped/339.tif,bird,51,12,53,11
82.tif,/home/cdsw/geo_Animal/geo_AnimalDetection/dataset/processing_small/clipped/82.tif,bird,57,11,50,16
65.tif,/home/cdsw/geo_Animal/geo_AnimalDetection/dataset/processing_small/clipped/65.tif,bird,23,0,15,0
65.tif,/home/cdsw/geo_Animal/geo_AnimalDetection/dataset/processing_small/clipped/65.tif,bird,62,23,13,0
65.tif,/home/cdsw/geo_Animal/geo_AnimalDetection/dataset/processing_small/clipped/65.tif,bird,52,12,45,21
526.tif,/home/cdsw/geo_Animal/geo_AnimalDetection/dataset/processing_small/clipped/526.tif,bird,51,12,44,18
420.tif,/home/cdsw/geo_Animal/geo_AnimalDetection/dataset/processing_small/clipped/420.tif,bird,53,10,46,19
472.tif,/home/cdsw/geo_Animal/geo_AnimalDetection/dataset/processing_small/clipped/472.tif,bird,54,13,46,21
323.tif,/home/cdsw/geo_Animal/geo_AnimalDetection/dataset/processing_small/clipped/323.tif,bird,50,11,46,18
76.tif,/home/cdsw/geo_Animal/geo_AnimalDetection/dataset/processing_small/clipped/76.tif,bird,22,0,12,0
76.tif,/home/cdsw/geo_Animal/geo_AnimalDetection/dataset/processing_small/clipped/76.tif,bird,54,11,45,21
402.tif,/home/cdsw/geo_Animal/geo_AnimalDetection/dataset/processing_small/clipped/402.tif,bird,50,11,48,19
184.tif,/home/cdsw/geo_Animal/geo_AnimalDetection/dataset/processing_small/clipped/184.tif,bird,54,11,51,14
36.tif,/home/cdsw/geo_Animal/geo_AnimalDetection/dataset/processing_small/clipped/36.tif,bird,22,0,55,35
36.tif,/home/cdsw/geo_Animal/geo_AnimalDetection/dataset/processing_small/clipped/36.tif,bird,43,8,18,0
36.tif,/home/cdsw/geo_Animal/geo_AnimalDetection/dataset/processing_small/clipped/36.tif,bird,50,13,44,22
36.tif,/home/cdsw/geo_Animal/geo_AnimalDetection/dataset/processing_small/clipped/36.tif,bird,80,43,19,0
36.tif,/home/cdsw/geo_Animal/geo_AnimalDetection/dataset/processing_small/clipped/36.tif,bird,76,41,54,35
333.tif,/home/cdsw/geo_Animal/geo_AnimalDetection/dataset/processing_small/clipped/333.tif,bird,37,0,61,40
333.tif,/home/cdsw/geo_Animal/geo_AnimalDetection/dataset/processing_small/clipped/333.tif,bird,53,9,47,16
524.tif,/home/cdsw/geo_Animal/geo_AnimalDetection/dataset/processing_small/clipped/524.tif,bird,52,11,44,20
168.tif,/home/cdsw/geo_Animal/geo_AnimalDetection/dataset/processing_small/clipped/168.tif,bird,51,13,42,21
168.tif,/home/cdsw/geo_Animal/geo_AnimalDetection/dataset/processing_small/clipped/168.tif,bird,29,0,81,46
98.tif,/home/cdsw/geo_Animal/geo_AnimalDetection/dataset/processing_small/clipped/98.tif,bird,52,11,45,21
263.tif,/home/cdsw/geo_Animal/geo_AnimalDetection/dataset/processing_small/clipped/263.tif,bird,79,35,72,44
263.tif,/home/cdsw/geo_Animal/geo_AnimalDetection/dataset/processing_small/clipped/263.tif,bird,52,14,43,18
263.tif,/home/cdsw/geo_Animal/geo_AnimalDetection/dataset/processing_small/clipped/263.tif,bird,81,44,46,13
156.tif,/home/cdsw/geo_Animal/geo_AnimalDetection/dataset/processing_small/clipped/156.tif,bird,25,0,62,37
156.tif,/home/cdsw/geo_Animal/geo_AnimalDetection/dataset/processing_small/clipped/156.tif,bird,66,28,19,0
156.tif,/home/cdsw/geo_Animal/geo_AnimalDetection/dataset/processing_small/clipped/156.tif,bird,51,13,44,20
152.tif,/home/cdsw/geo_Animal/geo_AnimalDetection/dataset/processing_small/clipped/152.tif,bird,56,11,45,19
284.tif,/home/cdsw/geo_Animal/geo_AnimalDetection/dataset/processing_small/clipped/284.tif,bird,55,11,49,14
467.tif,/home/cdsw/geo_Animal/geo_AnimalDetection/dataset/processing_small/clipped/467.tif,bird,55,7,48,15
49.tif,/home/cdsw/geo_Animal/geo_AnimalDetection/dataset/processing_small/clipped/49.tif,bird,50,14,48,18
151.tif,/home/cdsw/geo_Animal/geo_AnimalDetection/dataset/processing_small/clipped/151.tif,bird,54,10,46,17
151.tif,/home/cdsw/geo_Animal/geo_AnimalDetection/dataset/processing_small/clipped/151.tif,bird,35,0,70,49
362.tif,/home/cdsw/geo_Animal/geo_AnimalDetection/dataset/processing_small/clipped/362.tif,bird,50,13,42,21
357.tif,/home/cdsw/geo_Animal/geo_AnimalDetection/dataset/processing_small/clipped/357.tif,bird,54,10,45,19
271.tif,/home/cdsw/geo_Animal/geo_AnimalDetection/dataset/processing_small/clipped/271.tif,bird,49,12,47,19
545.tif,/home/cdsw/geo_Animal/geo_AnimalDetection/dataset/processing_small/clipped/545.tif,bird,54,11,44,15
328.tif,/home/cdsw/geo_Animal/geo_AnimalDetection/dataset/processing_small/clipped/328.tif,bird,52,11,43,21
257.tif,/home/cdsw/geo_Animal/geo_AnimalDetection/dataset/processing_small/clipped/257.tif,bird,55,11,47,16
257.tif,/home/cdsw/geo_Animal/geo_AnimalDetection/dataset/processing_small/clipped/257.tif,bird,19,0,17,0
129.tif,/home/cdsw/geo_Animal/geo_AnimalDetection/dataset/processing_small/clipped/129.tif,bird,52,13,45,21
79.tif,/home/cdsw/geo_Animal/geo_AnimalDetection/dataset/processing_small/clipped/79.tif,bird,53,10,48,20
272.tif,/home/cdsw/geo_Animal/geo_AnimalDetection/dataset/processing_small/clipped/272.tif,bird,79,42,80,47
272.tif,/home/cdsw/geo_Animal/geo_AnimalDetection/dataset/processing_small/clipped/272.tif,bird,52,11,47,16
272.tif,/home/cdsw/geo_Animal/geo_AnimalDetection/dataset/processing_small/clipped/272.tif,bird,59,20,15,0
441.tif,/home/cdsw/geo_Animal/geo_AnimalDetection/dataset/processing_small/clipped/441.tif,bird,52,10,44,18
38.tif,/home/cdsw/geo_Animal/geo_AnimalDetection/dataset/processing_small/clipped/38.tif,bird,51,12,42,21
353.tif,/home/cdsw/geo_Animal/geo_AnimalDetection/dataset/processing_small/clipped/353.tif,bird,55,11,54,14
353.tif,/home/cdsw/geo_Animal/geo_AnimalDetection/dataset/processing_small/clipped/353.tif,bird,80,40,78,34
208.tif,/home/cdsw/geo_Animal/geo_AnimalDetection/dataset/processing_small/clipped/208.tif,bird,53,10,49,14
210.tif,/home/cdsw/geo_Animal/geo_AnimalDetection/dataset/processing_small/clipped/210.tif,bird,50,9,49,18
375.tif,/home/cdsw/geo_Animal/geo_AnimalDetection/dataset/processing_small/clipped/375.tif,bird,56,11,42,22
281.tif,/home/cdsw/geo_Animal/geo_AnimalDetection/dataset/processing_small/clipped/281.tif,bird,48,5,71,44
281.tif,/home/cdsw/geo_Animal/geo_AnimalDetection/dataset/processing_small/clipped/281.tif,bird,49,11,46,18
88.tif,/home/cdsw/geo_Animal/geo_AnimalDetection/dataset/processing_small/clipped/88.tif,bird,54,10,41,23
41.tif,/home/cdsw/geo_Animal/geo_AnimalDetection/dataset/processing_small/clipped/41.tif,bird,21,0,54,26
41.tif,/home/cdsw/geo_Animal/geo_AnimalDetection/dataset/processing_small/clipped/41.tif,bird,55,13,42,21
321.tif,/home/cdsw/geo_Animal/geo_AnimalDetection/dataset/processing_small/clipped/321.tif,bird,53,11,41,22
484.tif,/home/cdsw/geo_Animal/geo_AnimalDetection/dataset/processing_small/clipped/484.tif,bird,54,13,46,20
181.tif,/home/cdsw/geo_Animal/geo_AnimalDetection/dataset/processing_small/clipped/181.tif,bird,55,10,44,19
181.tif,/home/cdsw/geo_Animal/geo_AnimalDetection/dataset/processing_small/clipped/181.tif,bird,81,42,81,45
235.tif,/home/cdsw/geo_Animal/geo_AnimalDetection/dataset/processing_small/clipped/235.tif,bird,52,9,45,22
235.tif,/home/cdsw/geo_Animal/geo_AnimalDetection/dataset/processing_small/clipped/235.tif,bird,69,26,14,0
200.tif,/home/cdsw/geo_Animal/geo_AnimalDetection/dataset/processing_small/clipped/200.tif,bird,55,14,49,16
193.tif,/home/cdsw/geo_Animal/geo_AnimalDetection/dataset/processing_small/clipped/193.tif,bird,52,10,44,19
501.tif,/home/cdsw/geo_Animal/geo_AnimalDetection/dataset/processing_small/clipped/501.tif,bird,57,9,43,18
501.tif,/home/cdsw/geo_Animal/geo_AnimalDetection/dataset/processing_small/clipped/501.tif,bird,82,38,70,41
222.tif,/home/cdsw/geo_Animal/geo_AnimalDetection/dataset/processing_small/clipped/222.tif,bird,56,9,45,18
217.tif,/home/cdsw/geo_Animal/geo_AnimalDetection/dataset/processing_small/clipped/217.tif,bird,55,14,48,17
23.tif,/home/cdsw/geo_Animal/geo_AnimalDetection/dataset/processing_small/clipped/23.tif,bird,46,17,53,16
23.tif,/home/cdsw/geo_Animal/geo_AnimalDetection/dataset/processing_small/clipped/23.tif,bird,54,7,75,48
121.tif,/home/cdsw/geo_Animal/geo_AnimalDetection/dataset/processing_small/clipped/121.tif,bird,51,12,42,22
91.tif,/home/cdsw/geo_Animal/geo_AnimalDetection/dataset/processing_small/clipped/91.tif,bird,52,10,52,13
502.tif,/home/cdsw/geo_Animal/geo_AnimalDetection/dataset/processing_small/clipped/502.tif,bird,54,10,45,17
304.tif,/home/cdsw/geo_Animal/geo_AnimalDetection/dataset/processing_small/clipped/304.tif,bird,52,12,44,20
22.tif,/home/cdsw/geo_Animal/geo_AnimalDetection/dataset/processing_small/clipped/22.tif,bird,51,14,42,23
22.tif,/home/cdsw/geo_Animal/geo_AnimalDetection/dataset/processing_small/clipped/22.tif,bird,79,40,69,47
221.tif,/home/cdsw/geo_Animal/geo_AnimalDetection/dataset/processing_small/clipped/221.tif,bird,87,42,74,46
221.tif,/home/cdsw/geo_Animal/geo_AnimalDetection/dataset/processing_small/clipped/221.tif,bird,54,12,47,16
154.tif,/home/cdsw/geo_Animal/geo_AnimalDetection/dataset/processing_small/clipped/154.tif,bird,20,0,68,46
154.tif,/home/cdsw/geo_Animal/geo_AnimalDetection/dataset/processing_small/clipped/154.tif,bird,77,38,62,39
154.tif,/home/cdsw/geo_Animal/geo_AnimalDetection/dataset/processing_small/clipped/154.tif,bird,50,13,43,20
448.tif,/home/cdsw/geo_Animal/geo_AnimalDetection/dataset/processing_small/clipped/448.tif,bird,53,11,44,18
471.tif,/home/cdsw/geo_Animal/geo_AnimalDetection/dataset/processing_small/clipped/471.tif,bird,55,8,49,13
3.tif,/home/cdsw/geo_Animal/geo_AnimalDetection/dataset/processing_small/clipped/3.tif,bird,51,12,42,21
78.tif,/home/cdsw/geo_Animal/geo_AnimalDetection/dataset/processing_small/clipped/78.tif,bird,49,10,45,23
78.tif,/home/cdsw/geo_Animal/geo_AnimalDetection/dataset/processing_small/clipped/78.tif,bird,54,11,16,0
462.tif,/home/cdsw/geo_Animal/geo_AnimalDetection/dataset/processing_small/clipped/462.tif,bird,26,0,26,0
462.tif,/home/cdsw/geo_Animal/geo_AnimalDetection/dataset/processing_small/clipped/462.tif,bird,54,8,44,17
489.tif,/home/cdsw/geo_Animal/geo_AnimalDetection/dataset/processing_small/clipped/489.tif,bird,51,9,48,16
153.tif,/home/cdsw/geo_Animal/geo_AnimalDetection/dataset/processing_small/clipped/153.tif,bird,55,10,44,19
153.tif,/home/cdsw/geo_Animal/geo_AnimalDetection/dataset/processing_small/clipped/153.tif,bird,81,43,26,2
486.tif,/home/cdsw/geo_Animal/geo_AnimalDetection/dataset/processing_small/clipped/486.tif,bird,80,27,15,0
486.tif,/home/cdsw/geo_Animal/geo_AnimalDetection/dataset/processing_small/clipped/486.tif,bird,58,9,49,20
74.tif,/home/cdsw/geo_Animal/geo_AnimalDetection/dataset/processing_small/clipped/74.tif,bird,55,13,44,21
69.tif,/home/cdsw/geo_Animal/geo_AnimalDetection/dataset/processing_small/clipped/69.tif,bird,50,14,44,20
224.tif,/home/cdsw/geo_Animal/geo_AnimalDetection/dataset/processing_small/clipped/224.tif,bird,55,9,49,15
224.tif,/home/cdsw/geo_Animal/geo_AnimalDetection/dataset/processing_small/clipped/224.tif,bird,46,0,10,0
136.tif,/home/cdsw/geo_Animal/geo_AnimalDetection/dataset/processing_small/clipped/136.tif,bird,55,11,46,18
198.tif,/home/cdsw/geo_Animal/geo_AnimalDetection/dataset/processing_small/clipped/198.tif,bird,54,13,45,21
48.tif,/home/cdsw/geo_Animal/geo_AnimalDetection/dataset/processing_small/clipped/48.tif,bird,24,0,16,0
48.tif,/home/cdsw/geo_Animal/geo_AnimalDetection/dataset/processing_small/clipped/48.tif,bird,52,13,43,21
140.tif,/home/cdsw/geo_Animal/geo_AnimalDetection/dataset/processing_small/clipped/140.tif,bird,53,10,42,22
77.tif,/home/cdsw/geo_Animal/geo_AnimalDetection/dataset/processing_small/clipped/77.tif,bird,52,9,44,23
57.tif,/home/cdsw/geo_Animal/geo_AnimalDetection/dataset/processing_small/clipped/57.tif,bird,23,0,21,0
57.tif,/home/cdsw/geo_Animal/geo_AnimalDetection/dataset/processing_small/clipped/57.tif,bird,51,14,42,21
57.tif,/home/cdsw/geo_Animal/geo_AnimalDetection/dataset/processing_small/clipped/57.tif,bird,67,43,73,35
473.tif,/home/cdsw/geo_Animal/geo_AnimalDetection/dataset/processing_small/clipped/473.tif,bird,54,11,46,14
84.tif,/home/cdsw/geo_Animal/geo_AnimalDetection/dataset/processing_small/clipped/84.tif,bird,53,9,44,18
84.tif,/home/cdsw/geo_Animal/geo_AnimalDetection/dataset/processing_small/clipped/84.tif,bird,70,33,75,50
309.tif,/home/cdsw/geo_Animal/geo_AnimalDetection/dataset/processing_small/clipped/309.tif,bird,51,11,46,22
309.tif,/home/cdsw/geo_Animal/geo_AnimalDetection/dataset/processing_small/clipped/309.tif,bird,37,0,71,40
309.tif,/home/cdsw/geo_Animal/geo_AnimalDetection/dataset/processing_small/clipped/309.tif,bird,78,38,71,37
309.tif,/home/cdsw/geo_Animal/geo_AnimalDetection/dataset/processing_small/clipped/309.tif,bird,84,43,31,0
218.tif,/home/cdsw/geo_Animal/geo_AnimalDetection/dataset/processing_small/clipped/218.tif,bird,23,0,14,0
218.tif,/home/cdsw/geo_Animal/geo_AnimalDetection/dataset/processing_small/clipped/218.tif,bird,54,13,40,23
218.tif,/home/cdsw/geo_Animal/geo_AnimalDetection/dataset/processing_small/clipped/218.tif,bird,84,38,58,39
393.tif,/home/cdsw/geo_Animal/geo_AnimalDetection/dataset/processing_small/clipped/393.tif,bird,55,11,50,15
511.tif,/home/cdsw/geo_Animal/geo_AnimalDetection/dataset/processing_small/clipped/511.tif,bird,52,12,44,20
511.tif,/home/cdsw/geo_Animal/geo_AnimalDetection/dataset/processing_small/clipped/511.tif,bird,64,19,69,41
282.tif,/home/cdsw/geo_Animal/geo_AnimalDetection/dataset/processing_small/clipped/282.tif,bird,53,12,44,21
337.tif,/home/cdsw/geo_Animal/geo_AnimalDetection/dataset/processing_small/clipped/337.tif,bird,47,18,52,13
106.tif,/home/cdsw/geo_Animal/geo_AnimalDetection/dataset/processing_small/clipped/106.tif,bird,52,11,44,20
429.tif,/home/cdsw/geo_Animal/geo_AnimalDetection/dataset/processing_small/clipped/429.tif,bird,51,10,49,16
407.tif,/home/cdsw/geo_Animal/geo_AnimalDetection/dataset/processing_small/clipped/407.tif,bird,51,11,43,22
94.tif,/home/cdsw/geo_Animal/geo_AnimalDetection/dataset/processing_small/clipped/94.tif,bird,58,10,47,17
384.tif,/home/cdsw/geo_Animal/geo_AnimalDetection/dataset/processing_small/clipped/384.tif,bird,74,36,11,0
384.tif,/home/cdsw/geo_Animal/geo_AnimalDetection/dataset/processing_small/clipped/384.tif,bird,26,0,56,31
384.tif,/home/cdsw/geo_Animal/geo_AnimalDetection/dataset/processing_small/clipped/384.tif,bird,52,12,50,15
14.tif,/home/cdsw/geo_Animal/geo_AnimalDetection/dataset/processing_small/clipped/14.tif,bird,51,14,42,20
159.tif,/home/cdsw/geo_Animal/geo_AnimalDetection/dataset/processing_small/clipped/159.tif,bird,53,14,45,21
63.tif,/home/cdsw/geo_Animal/geo_AnimalDetection/dataset/processing_small/clipped/63.tif,bird,48,6,75,52
63.tif,/home/cdsw/geo_Animal/geo_AnimalDetection/dataset/processing_small/clipped/63.tif,bird,52,14,43,21
452.tif,/home/cdsw/geo_Animal/geo_AnimalDetection/dataset/processing_small/clipped/452.tif,bird,52,7,50,13
11.tif,/home/cdsw/geo_Animal/geo_AnimalDetection/dataset/processing_small/clipped/11.tif,bird,52,13,44,19
11.tif,/home/cdsw/geo_Animal/geo_AnimalDetection/dataset/processing_small/clipped/11.tif,bird,77,38,80,44
500.tif,/home/cdsw/geo_Animal/geo_AnimalDetection/dataset/processing_small/clipped/500.tif,bird,32,0,25,1
500.tif,/home/cdsw/geo_Animal/geo_AnimalDetection/dataset/processing_small/clipped/500.tif,bird,54,9,44,15
68.tif,/home/cdsw/geo_Animal/geo_AnimalDetection/dataset/processing_small/clipped/68.tif,bird,30,0,15,0
68.tif,/home/cdsw/geo_Animal/geo_AnimalDetection/dataset/processing_small/clipped/68.tif,bird,50,12,45,21
4.tif,/home/cdsw/geo_Animal/geo_AnimalDetection/dataset/processing_small/clipped/4.tif,bird,51,13,43,22
4.tif,/home/cdsw/geo_Animal/geo_AnimalDetection/dataset/processing_small/clipped/4.tif,bird,80,43,72,50
464.tif,/home/cdsw/geo_Animal/geo_AnimalDetection/dataset/processing_small/clipped/464.tif,bird,55,12,46,18
278.tif,/home/cdsw/geo_Animal/geo_AnimalDetection/dataset/processing_small/clipped/278.tif,bird,52,13,48,14
315.tif,/home/cdsw/geo_Animal/geo_AnimalDetection/dataset/processing_small/clipped/315.tif,bird,51,14,52,14
315.tif,/home/cdsw/geo_Animal/geo_AnimalDetection/dataset/processing_small/clipped/315.tif,bird,27,0,14,0
340.tif,/home/cdsw/geo_Animal/geo_AnimalDetection/dataset/processing_small/clipped/340.tif,bird,55,12,49,14
18.tif,/home/cdsw/geo_Animal/geo_AnimalDetection/dataset/processing_small/clipped/18.tif,bird,51,10,45,21
169.tif,/home/cdsw/geo_Animal/geo_AnimalDetection/dataset/processing_small/clipped/169.tif,bird,52,11,43,20
227.tif,/home/cdsw/geo_Animal/geo_AnimalDetection/dataset/processing_small/clipped/227.tif,bird,55,12,45,17
416.tif,/home/cdsw/geo_Animal/geo_AnimalDetection/dataset/processing_small/clipped/416.tif,bird,27,0,15,0
416.tif,/home/cdsw/geo_Animal/geo_AnimalDetection/dataset/processing_small/clipped/416.tif,bird,75,29,20,0
416.tif,/home/cdsw/geo_Animal/geo_AnimalDetection/dataset/processing_small/clipped/416.tif,bird,56,10,46,19
426.tif,/home/cdsw/geo_Animal/geo_AnimalDetection/dataset/processing_small/clipped/426.tif,bird,53,10,45,22
491.tif,/home/cdsw/geo_Animal/geo_AnimalDetection/dataset/processing_small/clipped/491.tif,bird,55,11,46,15
361.tif,/home/cdsw/geo_Animal/geo_AnimalDetection/dataset/processing_small/clipped/361.tif,bird,49,13,46,14
280.tif,/home/cdsw/geo_Animal/geo_AnimalDetection/dataset/processing_small/clipped/280.tif,bird,56,11,42,22
66.tif,/home/cdsw/geo_Animal/geo_AnimalDetection/dataset/processing_small/clipped/66.tif,bird,52,10,44,21
66.tif,/home/cdsw/geo_Animal/geo_AnimalDetection/dataset/processing_small/clipped/66.tif,bird,23,0,74,51
66.tif,/home/cdsw/geo_Animal/geo_AnimalDetection/dataset/processing_small/clipped/66.tif,bird,72,34,74,50
343.tif,/home/cdsw/geo_Animal/geo_AnimalDetection/dataset/processing_small/clipped/343.tif,bird,56,11,44,18
523.tif,/home/cdsw/geo_Animal/geo_AnimalDetection/dataset/processing_small/clipped/523.tif,bird,52,11,44,19
176.tif,/home/cdsw/geo_Animal/geo_AnimalDetection/dataset/processing_small/clipped/176.tif,bird,52,11,47,19
83.tif,/home/cdsw/geo_Animal/geo_AnimalDetection/dataset/processing_small/clipped/83.tif,bird,52,10,44,19
58.tif,/home/cdsw/geo_Animal/geo_AnimalDetection/dataset/processing_small/clipped/58.tif,bird,28,0,20,0
58.tif,/home/cdsw/geo_Animal/geo_AnimalDetection/dataset/processing_small/clipped/58.tif,bird,44,20,51,13
245.tif,/home/cdsw/geo_Animal/geo_AnimalDetection/dataset/processing_small/clipped/245.tif,bird,55,7,47,16
245.tif,/home/cdsw/geo_Animal/geo_AnimalDetection/dataset/processing_small/clipped/245.tif,bird,62,14,18,0
248.tif,/home/cdsw/geo_Animal/geo_AnimalDetection/dataset/processing_small/clipped/248.tif,bird,52,13,41,21
248.tif,/home/cdsw/geo_Animal/geo_AnimalDetection/dataset/processing_small/clipped/248.tif,bird,27,0,12,0
389.tif,/home/cdsw/geo_Animal/geo_AnimalDetection/dataset/processing_small/clipped/389.tif,bird,52,13,42,20
250.tif,/home/cdsw/geo_Animal/geo_AnimalDetection/dataset/processing_small/clipped/250.tif,bird,54,10,44,22
250.tif,/home/cdsw/geo_Animal/geo_AnimalDetection/dataset/processing_small/clipped/250.tif,bird,39,5,18,0
498.tif,/home/cdsw/geo_Animal/geo_AnimalDetection/dataset/processing_small/clipped/498.tif,bird,26,0,18,0
498.tif,/home/cdsw/geo_Animal/geo_AnimalDetection/dataset/processing_small/clipped/498.tif,bird,54,12,44,19
115.tif,/home/cdsw/geo_Animal/geo_AnimalDetection/dataset/processing_small/clipped/115.tif,bird,50,14,48,16
115.tif,/home/cdsw/geo_Animal/geo_AnimalDetection/dataset/processing_small/clipped/115.tif,bird,74,31,66,45
62.tif,/home/cdsw/geo_Animal/geo_AnimalDetection/dataset/processing_small/clipped/62.tif,bird,55,13,44,21
62.tif,/home/cdsw/geo_Animal/geo_AnimalDetection/dataset/processing_small/clipped/62.tif,bird,59,21,12,0
454.tif,/home/cdsw/geo_Animal/geo_AnimalDetection/dataset/processing_small/clipped/454.tif,bird,52,10,47,19
313.tif,/home/cdsw/geo_Animal/geo_AnimalDetection/dataset/processing_small/clipped/313.tif,bird,53,14,49,16
332.tif,/home/cdsw/geo_Animal/geo_AnimalDetection/dataset/processing_small/clipped/332.tif,bird,53,12,52,12
191.tif,/home/cdsw/geo_Animal/geo_AnimalDetection/dataset/processing_small/clipped/191.tif,bird,26,0,61,37
191.tif,/home/cdsw/geo_Animal/geo_AnimalDetection/dataset/processing_small/clipped/191.tif,bird,38,0,20,0
191.tif,/home/cdsw/geo_Animal/geo_AnimalDetection/dataset/processing_small/clipped/191.tif,bird,51,14,45,16
6.tif,/home/cdsw/geo_Animal/geo_AnimalDetection/dataset/processing_small/clipped/6.tif,bird,22,0,13,0
6.tif,/home/cdsw/geo_Animal/geo_AnimalDetection/dataset/processing_small/clipped/6.tif,bird,51,14,42,20
194.tif,/home/cdsw/geo_Animal/geo_AnimalDetection/dataset/processing_small/clipped/194.tif,bird,54,13,44,21
456.tif,/home/cdsw/geo_Animal/geo_AnimalDetection/dataset/processing_small/clipped/456.tif,bird,52,12,45,18
503.tif,/home/cdsw/geo_Animal/geo_AnimalDetection/dataset/processing_small/clipped/503.tif,bird,50,12,43,19
87.tif,/home/cdsw/geo_Animal/geo_AnimalDetection/dataset/processing_small/clipped/87.tif,bird,54,13,45,19
359.tif,/home/cdsw/geo_Animal/geo_AnimalDetection/dataset/processing_small/clipped/359.tif,bird,57,6,48,14
432.tif,/home/cdsw/geo_Animal/geo_AnimalDetection/dataset/processing_small/clipped/432.tif,bird,54,10,45,17
103.tif,/home/cdsw/geo_Animal/geo_AnimalDetection/dataset/processing_small/clipped/103.tif,bird,55,11,42,20
311.tif,/home/cdsw/geo_Animal/geo_AnimalDetection/dataset/processing_small/clipped/311.tif,bird,26,0,23,0
311.tif,/home/cdsw/geo_Animal/geo_AnimalDetection/dataset/processing_small/clipped/311.tif,bird,53,13,48,14
412.tif,/home/cdsw/geo_Animal/geo_AnimalDetection/dataset/processing_small/clipped/412.tif,bird,31,0,18,0
412.tif,/home/cdsw/geo_Animal/geo_AnimalDetection/dataset/processing_small/clipped/412.tif,bird,57,9,46,17
397.tif,/home/cdsw/geo_Animal/geo_AnimalDetection/dataset/processing_small/clipped/397.tif,bird,53,11,44,20
451.tif,/home/cdsw/geo_Animal/geo_AnimalDetection/dataset/processing_small/clipped/451.tif,bird,58,10,50,18
209.tif,/home/cdsw/geo_Animal/geo_AnimalDetection/dataset/processing_small/clipped/209.tif,bird,49,13,44,20
370.tif,/home/cdsw/geo_Animal/geo_AnimalDetection/dataset/processing_small/clipped/370.tif,bird,52,9,46,17
138.tif,/home/cdsw/geo_Animal/geo_AnimalDetection/dataset/processing_small/clipped/138.tif,bird,56,11,45,19
442.tif,/home/cdsw/geo_Animal/geo_AnimalDetection/dataset/processing_small/clipped/442.tif,bird,57,14,43,19
206.tif,/home/cdsw/geo_Animal/geo_AnimalDetection/dataset/processing_small/clipped/206.tif,bird,50,8,47,17
236.tif,/home/cdsw/geo_Animal/geo_AnimalDetection/dataset/processing_small/clipped/236.tif,bird,36,0,76,53
236.tif,/home/cdsw/geo_Animal/geo_AnimalDetection/dataset/processing_small/clipped/236.tif,bird,53,10,45,18
148.tif,/home/cdsw/geo_Animal/geo_AnimalDetection/dataset/processing_small/clipped/148.tif,bird,52,13,44,20
239.tif,/home/cdsw/geo_Animal/geo_AnimalDetection/dataset/processing_small/clipped/239.tif,bird,54,9,47,16
239.tif,/home/cdsw/geo_Animal/geo_AnimalDetection/dataset/processing_small/clipped/239.tif,bird,23,0,29,0
8.tif,/home/cdsw/geo_Animal/geo_AnimalDetection/dataset/processing_small/clipped/8.tif,bird,55,12,41,21
515.tif,/home/cdsw/geo_Animal/geo_AnimalDetection/dataset/processing_small/clipped/515.tif,bird,25,0,24,2
515.tif,/home/cdsw/geo_Animal/geo_AnimalDetection/dataset/processing_small/clipped/515.tif,bird,50,13,49,11
279.tif,/home/cdsw/geo_Animal/geo_AnimalDetection/dataset/processing_small/clipped/279.tif,bird,44,21,53,13
164.tif,/home/cdsw/geo_Animal/geo_AnimalDetection/dataset/processing_small/clipped/164.tif,bird,52,12,49,17
326.tif,/home/cdsw/geo_Animal/geo_AnimalDetection/dataset/processing_small/clipped/326.tif,bird,50,11,41,21
440.tif,/home/cdsw/geo_Animal/geo_AnimalDetection/dataset/processing_small/clipped/440.tif,bird,24,0,26,2
440.tif,/home/cdsw/geo_Animal/geo_AnimalDetection/dataset/processing_small/clipped/440.tif,bird,53,11,45,15
160.tif,/home/cdsw/geo_Animal/geo_AnimalDetection/dataset/processing_small/clipped/160.tif,bird,48,16,48,17
93.tif,/home/cdsw/geo_Animal/geo_AnimalDetection/dataset/processing_small/clipped/93.tif,bird,53,12,48,14
496.tif,/home/cdsw/geo_Animal/geo_AnimalDetection/dataset/processing_small/clipped/496.tif,bird,51,12,45,19
270.tif,/home/cdsw/geo_Animal/geo_AnimalDetection/dataset/processing_small/clipped/270.tif,bird,51,12,46,19
80.tif,/home/cdsw/geo_Animal/geo_AnimalDetection/dataset/processing_small/clipped/80.tif,bird,54,10,43,20
548.tif,/home/cdsw/geo_Animal/geo_AnimalDetection/dataset/processing_small/clipped/548.tif,bird,53,10,44,18
180.tif,/home/cdsw/geo_Animal/geo_AnimalDetection/dataset/processing_small/clipped/180.tif,bird,52,11,42,22
519.tif,/home/cdsw/geo_Animal/geo_AnimalDetection/dataset/processing_small/clipped/519.tif,bird,29,0,15,0
519.tif,/home/cdsw/geo_Animal/geo_AnimalDetection/dataset/processing_small/clipped/519.tif,bird,54,10,44,17
446.tif,/home/cdsw/geo_Animal/geo_AnimalDetection/dataset/processing_small/clipped/446.tif,bird,57,7,49,16
400.tif,/home/cdsw/geo_Animal/geo_AnimalDetection/dataset/processing_small/clipped/400.tif,bird,54,13,45,19
1.tif,/home/cdsw/geo_Animal/geo_AnimalDetection/dataset/processing_small/clipped/1.tif,bird,50,13,47,17
425.tif,/home/cdsw/geo_Animal/geo_AnimalDetection/dataset/processing_small/clipped/425.tif,bird,55,9,49,15
385.tif,/home/cdsw/geo_Animal/geo_AnimalDetection/dataset/processing_small/clipped/385.tif,bird,52,11,46,18
522.tif,/home/cdsw/geo_Animal/geo_AnimalDetection/dataset/processing_small/clipped/522.tif,bird,50,8,43,18
16.tif,/home/cdsw/geo_Animal/geo_AnimalDetection/dataset/processing_small/clipped/16.tif,bird,27,0,13,0
16.tif,/home/cdsw/geo_Animal/geo_AnimalDetection/dataset/processing_small/clipped/16.tif,bird,52,13,49,13
443.tif,/home/cdsw/geo_Animal/geo_AnimalDetection/dataset/processing_small/clipped/443.tif,bird,53,11,45,21
174.tif,/home/cdsw/geo_Animal/geo_AnimalDetection/dataset/processing_small/clipped/174.tif,bird,54,14,43,21
514.tif,/home/cdsw/geo_Animal/geo_AnimalDetection/dataset/processing_small/clipped/514.tif,bird,56,9,47,14
114.tif,/home/cdsw/geo_Animal/geo_AnimalDetection/dataset/processing_small/clipped/114.tif,bird,51,12,46,19
85.tif,/home/cdsw/geo_Animal/geo_AnimalDetection/dataset/processing_small/clipped/85.tif,bird,52,9,47,17
319.tif,/home/cdsw/geo_Animal/geo_AnimalDetection/dataset/processing_small/clipped/319.tif,bird,75,38,83,45
319.tif,/home/cdsw/geo_Animal/geo_AnimalDetection/dataset/processing_small/clipped/319.tif,bird,51,12,45,19
542.tif,/home/cdsw/geo_Animal/geo_AnimalDetection/dataset/processing_small/clipped/542.tif,bird,51,10,47,16
297.tif,/home/cdsw/geo_Animal/geo_AnimalDetection/dataset/processing_small/clipped/297.tif,bird,52,12,45,19
201.tif,/home/cdsw/geo_Animal/geo_AnimalDetection/dataset/processing_small/clipped/201.tif,bird,52,11,46,17
347.tif,/home/cdsw/geo_Animal/geo_AnimalDetection/dataset/processing_small/clipped/347.tif,bird,54,10,48,16
463.tif,/home/cdsw/geo_Animal/geo_AnimalDetection/dataset/processing_small/clipped/463.tif,bird,54,11,45,19
488.tif,/home/cdsw/geo_Animal/geo_AnimalDetection/dataset/processing_small/clipped/488.tif,bird,53,8,48,15
96.tif,/home/cdsw/geo_Animal/geo_AnimalDetection/dataset/processing_small/clipped/96.tif,bird,53,9,45,19
33.tif,/home/cdsw/geo_Animal/geo_AnimalDetection/dataset/processing_small/clipped/33.tif,bird,49,12,46,19
216.tif,/home/cdsw/geo_Animal/geo_AnimalDetection/dataset/processing_small/clipped/216.tif,bird,48,13,46,17
330.tif,/home/cdsw/geo_Animal/geo_AnimalDetection/dataset/processing_small/clipped/330.tif,bird,24,0,11,0
330.tif,/home/cdsw/geo_Animal/geo_AnimalDetection/dataset/processing_small/clipped/330.tif,bird,51,13,49,16
308.tif,/home/cdsw/geo_Animal/geo_AnimalDetection/dataset/processing_small/clipped/308.tif,bird,50,13,44,20
264.tif,/home/cdsw/geo_Animal/geo_AnimalDetection/dataset/processing_small/clipped/264.tif,bird,54,10,47,17
535.tif,/home/cdsw/geo_Animal/geo_AnimalDetection/dataset/processing_small/clipped/535.tif,bird,56,8,46,18
86.tif,/home/cdsw/geo_Animal/geo_AnimalDetection/dataset/processing_small/clipped/86.tif,bird,54,11,42,21
