image_path,image_name,label,maxx,minx,maxy,miny,id
/home/mirandalv/Documents/github/geo_AnimalDetection/dataset/processing_data/clipped/391.tif,391.tif,bird,35,14,48,86,391
/home/mirandalv/Documents/github/geo_AnimalDetection/dataset/processing_data/clipped/391.tif,391.tif,bird,157,128,10,51,391
/home/mirandalv/Documents/github/geo_AnimalDetection/dataset/processing_data/clipped/391.tif,391.tif,bird,121,97,-18,26,391
/home/mirandalv/Documents/github/geo_AnimalDetection/dataset/processing_data/clipped/391.tif,391.tif,bird,80,55,-6,38,391
/home/mirandalv/Documents/github/geo_AnimalDetection/dataset/processing_data/clipped/391.tif,391.tif,bird,105,76,14,51,391
/home/mirandalv/Documents/github/geo_AnimalDetection/dataset/processing_data/clipped/391.tif,391.tif,bird,244,213,26,67,391
/home/mirandalv/Documents/github/geo_AnimalDetection/dataset/processing_data/clipped/391.tif,391.tif,bird,200,182,2,42,391
/home/mirandalv/Documents/github/geo_AnimalDetection/dataset/processing_data/clipped/391.tif,391.tif,bird,192,164,52,92,391
/home/mirandalv/Documents/github/geo_AnimalDetection/dataset/processing_data/clipped/391.tif,391.tif,bird,232,204,72,117,391
/home/mirandalv/Documents/github/geo_AnimalDetection/dataset/processing_data/clipped/391.tif,391.tif,bird,192,166,92,127,391
/home/mirandalv/Documents/github/geo_AnimalDetection/dataset/processing_data/clipped/391.tif,391.tif,bird,227,194,112,150,391
/home/mirandalv/Documents/github/geo_AnimalDetection/dataset/processing_data/clipped/391.tif,391.tif,bird,267,238,109,144,391
/home/mirandalv/Documents/github/geo_AnimalDetection/dataset/processing_data/clipped/391.tif,391.tif,bird,260,235,150,188,391
/home/mirandalv/Documents/github/geo_AnimalDetection/dataset/processing_data/clipped/391.tif,391.tif,bird,213,185,157,202,391
/home/mirandalv/Documents/github/geo_AnimalDetection/dataset/processing_data/clipped/391.tif,391.tif,bird,186,155,127,169,391
/home/mirandalv/Documents/github/geo_AnimalDetection/dataset/processing_data/clipped/391.tif,391.tif,bird,252,224,186,229,391
/home/mirandalv/Documents/github/geo_AnimalDetection/dataset/processing_data/clipped/391.tif,391.tif,bird,173,143,174,215,391
/home/mirandalv/Documents/github/geo_AnimalDetection/dataset/processing_data/clipped/391.tif,391.tif,bird,175,140,218,263,391
/home/mirandalv/Documents/github/geo_AnimalDetection/dataset/processing_data/clipped/391.tif,391.tif,bird,222,189,210,259,391
/home/mirandalv/Documents/github/geo_AnimalDetection/dataset/processing_data/clipped/391.tif,391.tif,bird,29,6,226,267,391
/home/mirandalv/Documents/github/geo_AnimalDetection/dataset/processing_data/clipped/391.tif,391.tif,bird,17,-14,95,138,391
/home/mirandalv/Documents/github/geo_AnimalDetection/dataset/processing_data/clipped/391.tif,391.tif,bird,74,39,24,64,391
/home/mirandalv/Documents/github/geo_AnimalDetection/dataset/processing_data/clipped/391.tif,391.tif,bird,106,78,58,99,391
/home/mirandalv/Documents/github/geo_AnimalDetection/dataset/processing_data/clipped/391.tif,391.tif,bird,64,31,88,130,391
/home/mirandalv/Documents/github/geo_AnimalDetection/dataset/processing_data/clipped/391.tif,391.tif,bird,91,61,109,150,391
/home/mirandalv/Documents/github/geo_AnimalDetection/dataset/processing_data/clipped/391.tif,391.tif,bird,45,20,124,164,391
/home/mirandalv/Documents/github/geo_AnimalDetection/dataset/processing_data/clipped/391.tif,391.tif,bird,69,47,201,240,391
/home/mirandalv/Documents/github/geo_AnimalDetection/dataset/processing_data/clipped/391.tif,391.tif,bird,111,79,194,236,391
/home/mirandalv/Documents/github/geo_AnimalDetection/dataset/processing_data/clipped/391.tif,391.tif,bird,138,117,108,146,391
/home/mirandalv/Documents/github/geo_AnimalDetection/dataset/processing_data/clipped/391.tif,391.tif,bird,140,118,47,86,391
/home/mirandalv/Documents/github/geo_AnimalDetection/dataset/processing_data/clipped/53.tif,53.tif,bird,61,39,47,88,53
/home/mirandalv/Documents/github/geo_AnimalDetection/dataset/processing_data/clipped/53.tif,53.tif,bird,58,36,101,138,53
/home/mirandalv/Documents/github/geo_AnimalDetection/dataset/processing_data/clipped/53.tif,53.tif,bird,60,37,148,187,53
/home/mirandalv/Documents/github/geo_AnimalDetection/dataset/processing_data/clipped/53.tif,53.tif,bird,99,78,49,88,53
/home/mirandalv/Documents/github/geo_AnimalDetection/dataset/processing_data/clipped/53.tif,53.tif,bird,120,98,-17,22,53
/home/mirandalv/Documents/github/geo_AnimalDetection/dataset/processing_data/clipped/53.tif,53.tif,bird,165,135,21,57,53
/home/mirandalv/Documents/github/geo_AnimalDetection/dataset/processing_data/clipped/53.tif,53.tif,bird,155,131,72,109,53
/home/mirandalv/Documents/github/geo_AnimalDetection/dataset/processing_data/clipped/53.tif,53.tif,bird,105,82,94,131,53
/home/mirandalv/Documents/github/geo_AnimalDetection/dataset/processing_data/clipped/53.tif,53.tif,bird,122,99,154,201,53
/home/mirandalv/Documents/github/geo_AnimalDetection/dataset/processing_data/clipped/53.tif,53.tif,bird,140,115,109,148,53
/home/mirandalv/Documents/github/geo_AnimalDetection/dataset/processing_data/clipped/53.tif,53.tif,bird,165,142,101,141,53
/home/mirandalv/Documents/github/geo_AnimalDetection/dataset/processing_data/clipped/53.tif,53.tif,bird,182,157,155,189,53
/home/mirandalv/Documents/github/geo_AnimalDetection/dataset/processing_data/clipped/53.tif,53.tif,bird,99,79,132,166,53
/home/mirandalv/Documents/github/geo_AnimalDetection/dataset/processing_data/clipped/53.tif,53.tif,bird,81,60,178,215,53
/home/mirandalv/Documents/github/geo_AnimalDetection/dataset/processing_data/clipped/53.tif,53.tif,bird,112,74,207,231,53
/home/mirandalv/Documents/github/geo_AnimalDetection/dataset/processing_data/clipped/53.tif,53.tif,bird,42,17,196,231,53
/home/mirandalv/Documents/github/geo_AnimalDetection/dataset/processing_data/clipped/53.tif,53.tif,bird,40,19,231,270,53
/home/mirandalv/Documents/github/geo_AnimalDetection/dataset/processing_data/clipped/53.tif,53.tif,bird,72,48,220,260,53
/home/mirandalv/Documents/github/geo_AnimalDetection/dataset/processing_data/clipped/53.tif,53.tif,bird,211,179,213,253,53
/home/mirandalv/Documents/github/geo_AnimalDetection/dataset/processing_data/clipped/53.tif,53.tif,bird,175,148,192,234,53
/home/mirandalv/Documents/github/geo_AnimalDetection/dataset/processing_data/clipped/53.tif,53.tif,bird,209,186,5,44,53
/home/mirandalv/Documents/github/geo_AnimalDetection/dataset/processing_data/clipped/53.tif,53.tif,bird,200,179,56,101,53
/home/mirandalv/Documents/github/geo_AnimalDetection/dataset/processing_data/clipped/53.tif,53.tif,bird,228,202,82,121,53
/home/mirandalv/Documents/github/geo_AnimalDetection/dataset/processing_data/clipped/53.tif,53.tif,bird,217,193,117,156,53
/home/mirandalv/Documents/github/geo_AnimalDetection/dataset/processing_data/clipped/53.tif,53.tif,bird,235,217,40,78,53
/home/mirandalv/Documents/github/geo_AnimalDetection/dataset/processing_data/clipped/53.tif,53.tif,bird,243,217,-7,34,53
/home/mirandalv/Documents/github/geo_AnimalDetection/dataset/processing_data/clipped/53.tif,53.tif,bird,266,241,118,163,53
/home/mirandalv/Documents/github/geo_AnimalDetection/dataset/processing_data/clipped/53.tif,53.tif,bird,223,199,166,204,53
/home/mirandalv/Documents/github/geo_AnimalDetection/dataset/processing_data/clipped/53.tif,53.tif,bird,248,224,151,189,53
/home/mirandalv/Documents/github/geo_AnimalDetection/dataset/processing_data/clipped/53.tif,53.tif,bird,239,219,198,240,53
/home/mirandalv/Documents/github/geo_AnimalDetection/dataset/processing_data/clipped/540.tif,540.tif,bird,29,-3,227,270,540
/home/mirandalv/Documents/github/geo_AnimalDetection/dataset/processing_data/clipped/540.tif,540.tif,bird,118,91,203,247,540
/home/mirandalv/Documents/github/geo_AnimalDetection/dataset/processing_data/clipped/540.tif,540.tif,bird,16,-10,61,104,540
/home/mirandalv/Documents/github/geo_AnimalDetection/dataset/processing_data/clipped/540.tif,540.tif,bird,33,7,5,51,540
/home/mirandalv/Documents/github/geo_AnimalDetection/dataset/processing_data/clipped/540.tif,540.tif,bird,70,43,1,48,540
/home/mirandalv/Documents/github/geo_AnimalDetection/dataset/processing_data/clipped/540.tif,540.tif,bird,100,73,33,79,540
/home/mirandalv/Documents/github/geo_AnimalDetection/dataset/processing_data/clipped/540.tif,540.tif,bird,140,107,54,101,540
/home/mirandalv/Documents/github/geo_AnimalDetection/dataset/processing_data/clipped/540.tif,540.tif,bird,147,112,108,148,540
/home/mirandalv/Documents/github/geo_AnimalDetection/dataset/processing_data/clipped/540.tif,540.tif,bird,176,147,91,136,540
/home/mirandalv/Documents/github/geo_AnimalDetection/dataset/processing_data/clipped/540.tif,540.tif,bird,219,188,122,163,540
/home/mirandalv/Documents/github/geo_AnimalDetection/dataset/processing_data/clipped/540.tif,540.tif,bird,228,204,79,123,540
/home/mirandalv/Documents/github/geo_AnimalDetection/dataset/processing_data/clipped/540.tif,540.tif,bird,227,199,34,78,540
/home/mirandalv/Documents/github/geo_AnimalDetection/dataset/processing_data/clipped/235.tif,235.tif,bird,129,95,-16,30,235
/home/mirandalv/Documents/github/geo_AnimalDetection/dataset/processing_data/clipped/235.tif,235.tif,bird,74,47,-4,41,235
/home/mirandalv/Documents/github/geo_AnimalDetection/dataset/processing_data/clipped/235.tif,235.tif,bird,31,3,2,45,235
/home/mirandalv/Documents/github/geo_AnimalDetection/dataset/processing_data/clipped/235.tif,235.tif,bird,88,45,45,75,235
/home/mirandalv/Documents/github/geo_AnimalDetection/dataset/processing_data/clipped/235.tif,235.tif,bird,152,122,66,110,235
/home/mirandalv/Documents/github/geo_AnimalDetection/dataset/processing_data/clipped/235.tif,235.tif,bird,141,118,105,148,235
/home/mirandalv/Documents/github/geo_AnimalDetection/dataset/processing_data/clipped/235.tif,235.tif,bird,110,83,122,165,235
/home/mirandalv/Documents/github/geo_AnimalDetection/dataset/processing_data/clipped/235.tif,235.tif,bird,147,112,150,190,235
/home/mirandalv/Documents/github/geo_AnimalDetection/dataset/processing_data/clipped/235.tif,235.tif,bird,107,66,78,110,235
/home/mirandalv/Documents/github/geo_AnimalDetection/dataset/processing_data/clipped/235.tif,235.tif,bird,78,47,167,212,235
/home/mirandalv/Documents/github/geo_AnimalDetection/dataset/processing_data/clipped/235.tif,235.tif,bird,84,55,227,270,235
/home/mirandalv/Documents/github/geo_AnimalDetection/dataset/processing_data/clipped/235.tif,235.tif,bird,152,120,232,278,235
/home/mirandalv/Documents/github/geo_AnimalDetection/dataset/processing_data/clipped/235.tif,235.tif,bird,224,192,174,220,235
/home/mirandalv/Documents/github/geo_AnimalDetection/dataset/processing_data/clipped/235.tif,235.tif,bird,57,26,83,131,235
/home/mirandalv/Documents/github/geo_AnimalDetection/dataset/processing_data/clipped/235.tif,235.tif,bird,28,-1,90,138,235
/home/mirandalv/Documents/github/geo_AnimalDetection/dataset/processing_data/clipped/235.tif,235.tif,bird,60,29,138,181,235
/home/mirandalv/Documents/github/geo_AnimalDetection/dataset/processing_data/clipped/235.tif,235.tif,bird,30,10,178,217,235
/home/mirandalv/Documents/github/geo_AnimalDetection/dataset/processing_data/clipped/235.tif,235.tif,bird,26,4,208,252,235
/home/mirandalv/Documents/github/geo_AnimalDetection/dataset/processing_data/clipped/445.tif,445.tif,bird,30,0,-1,51,445
/home/mirandalv/Documents/github/geo_AnimalDetection/dataset/processing_data/clipped/445.tif,445.tif,bird,84,64,121,166,445
/home/mirandalv/Documents/github/geo_AnimalDetection/dataset/processing_data/clipped/445.tif,445.tif,bird,112,88,25,68,445
/home/mirandalv/Documents/github/geo_AnimalDetection/dataset/processing_data/clipped/445.tif,445.tif,bird,157,133,6,48,445
/home/mirandalv/Documents/github/geo_AnimalDetection/dataset/processing_data/clipped/445.tif,445.tif,bird,142,116,56,99,445
/home/mirandalv/Documents/github/geo_AnimalDetection/dataset/processing_data/clipped/445.tif,445.tif,bird,143,112,106,150,445
/home/mirandalv/Documents/github/geo_AnimalDetection/dataset/processing_data/clipped/445.tif,445.tif,bird,232,199,125,175,445
/home/mirandalv/Documents/github/geo_AnimalDetection/dataset/processing_data/clipped/445.tif,445.tif,bird,211,179,30,72,445
/home/mirandalv/Documents/github/geo_AnimalDetection/dataset/processing_data/clipped/445.tif,445.tif,bird,211,185,-12,30,445
/home/mirandalv/Documents/github/geo_AnimalDetection/dataset/processing_data/clipped/445.tif,445.tif,bird,252,220,13,56,445
/home/mirandalv/Documents/github/geo_AnimalDetection/dataset/processing_data/clipped/445.tif,445.tif,bird,261,229,196,238,445
/home/mirandalv/Documents/github/geo_AnimalDetection/dataset/processing_data/clipped/527.tif,527.tif,bird,125,96,2,45,527
/home/mirandalv/Documents/github/geo_AnimalDetection/dataset/processing_data/clipped/527.tif,527.tif,bird,149,126,31,73,527
/home/mirandalv/Documents/github/geo_AnimalDetection/dataset/processing_data/clipped/527.tif,527.tif,bird,193,161,7,53,527
/home/mirandalv/Documents/github/geo_AnimalDetection/dataset/processing_data/clipped/527.tif,527.tif,bird,111,86,47,92,527
/home/mirandalv/Documents/github/geo_AnimalDetection/dataset/processing_data/clipped/527.tif,527.tif,bird,67,45,-17,27,527
/home/mirandalv/Documents/github/geo_AnimalDetection/dataset/processing_data/clipped/527.tif,527.tif,bird,14,-16,8,53,527
/home/mirandalv/Documents/github/geo_AnimalDetection/dataset/processing_data/clipped/527.tif,527.tif,bird,17,-15,61,101,527
/home/mirandalv/Documents/github/geo_AnimalDetection/dataset/processing_data/clipped/527.tif,527.tif,bird,32,10,186,225,527
/home/mirandalv/Documents/github/geo_AnimalDetection/dataset/processing_data/clipped/527.tif,527.tif,bird,58,33,61,102,527
/home/mirandalv/Documents/github/geo_AnimalDetection/dataset/processing_data/clipped/527.tif,527.tif,bird,52,28,100,141,527
/home/mirandalv/Documents/github/geo_AnimalDetection/dataset/processing_data/clipped/527.tif,527.tif,bird,91,67,74,115,527
/home/mirandalv/Documents/github/geo_AnimalDetection/dataset/processing_data/clipped/527.tif,527.tif,bird,95,69,132,171,527
/home/mirandalv/Documents/github/geo_AnimalDetection/dataset/processing_data/clipped/527.tif,527.tif,bird,142,114,109,149,527
/home/mirandalv/Documents/github/geo_AnimalDetection/dataset/processing_data/clipped/527.tif,527.tif,bird,152,126,65,107,527
/home/mirandalv/Documents/github/geo_AnimalDetection/dataset/processing_data/clipped/527.tif,527.tif,bird,176,151,150,189,527
/home/mirandalv/Documents/github/geo_AnimalDetection/dataset/processing_data/clipped/527.tif,527.tif,bird,130,105,160,200,527
/home/mirandalv/Documents/github/geo_AnimalDetection/dataset/processing_data/clipped/527.tif,527.tif,bird,134,109,212,258,527
/home/mirandalv/Documents/github/geo_AnimalDetection/dataset/processing_data/clipped/527.tif,527.tif,bird,84,56,173,214,527
/home/mirandalv/Documents/github/geo_AnimalDetection/dataset/processing_data/clipped/527.tif,527.tif,bird,86,59,222,263,527
/home/mirandalv/Documents/github/geo_AnimalDetection/dataset/processing_data/clipped/125.tif,125.tif,bird,36,6,89,137,125
/home/mirandalv/Documents/github/geo_AnimalDetection/dataset/processing_data/clipped/125.tif,125.tif,bird,41,9,23,67,125
/home/mirandalv/Documents/github/geo_AnimalDetection/dataset/processing_data/clipped/125.tif,125.tif,bird,69,49,12,51,125
/home/mirandalv/Documents/github/geo_AnimalDetection/dataset/processing_data/clipped/125.tif,125.tif,bird,79,55,121,162,125
/home/mirandalv/Documents/github/geo_AnimalDetection/dataset/processing_data/clipped/125.tif,125.tif,bird,68,44,49,88,125
/home/mirandalv/Documents/github/geo_AnimalDetection/dataset/processing_data/clipped/125.tif,125.tif,bird,30,11,143,184,125
/home/mirandalv/Documents/github/geo_AnimalDetection/dataset/processing_data/clipped/125.tif,125.tif,bird,40,13,204,241,125
/home/mirandalv/Documents/github/geo_AnimalDetection/dataset/processing_data/clipped/125.tif,125.tif,bird,67,45,175,215,125
/home/mirandalv/Documents/github/geo_AnimalDetection/dataset/processing_data/clipped/125.tif,125.tif,bird,113,91,159,203,125
/home/mirandalv/Documents/github/geo_AnimalDetection/dataset/processing_data/clipped/125.tif,125.tif,bird,79,44,223,259,125
/home/mirandalv/Documents/github/geo_AnimalDetection/dataset/processing_data/clipped/125.tif,125.tif,bird,124,104,223,262,125
/home/mirandalv/Documents/github/geo_AnimalDetection/dataset/processing_data/clipped/125.tif,125.tif,bird,142,113,105,150,125
/home/mirandalv/Documents/github/geo_AnimalDetection/dataset/processing_data/clipped/125.tif,125.tif,bird,165,143,185,228,125
/home/mirandalv/Documents/github/geo_AnimalDetection/dataset/processing_data/clipped/125.tif,125.tif,bird,188,152,145,182,125
/home/mirandalv/Documents/github/geo_AnimalDetection/dataset/processing_data/clipped/125.tif,125.tif,bird,180,145,106,143,125
/home/mirandalv/Documents/github/geo_AnimalDetection/dataset/processing_data/clipped/125.tif,125.tif,bird,146,122,63,102,125
/home/mirandalv/Documents/github/geo_AnimalDetection/dataset/processing_data/clipped/125.tif,125.tif,bird,112,86,-15,26,125
/home/mirandalv/Documents/github/geo_AnimalDetection/dataset/processing_data/clipped/125.tif,125.tif,bird,165,138,20,65,125
/home/mirandalv/Documents/github/geo_AnimalDetection/dataset/processing_data/clipped/125.tif,125.tif,bird,237,213,-11,29,125
/home/mirandalv/Documents/github/geo_AnimalDetection/dataset/processing_data/clipped/125.tif,125.tif,bird,187,168,49,87,125
/home/mirandalv/Documents/github/geo_AnimalDetection/dataset/processing_data/clipped/125.tif,125.tif,bird,224,198,82,124,125
/home/mirandalv/Documents/github/geo_AnimalDetection/dataset/processing_data/clipped/125.tif,125.tif,bird,245,219,45,84,125
/home/mirandalv/Documents/github/geo_AnimalDetection/dataset/processing_data/clipped/125.tif,125.tif,bird,268,233,111,155,125
/home/mirandalv/Documents/github/geo_AnimalDetection/dataset/processing_data/clipped/125.tif,125.tif,bird,219,200,123,165,125
/home/mirandalv/Documents/github/geo_AnimalDetection/dataset/processing_data/clipped/125.tif,125.tif,bird,218,186,179,218,125
/home/mirandalv/Documents/github/geo_AnimalDetection/dataset/processing_data/clipped/125.tif,125.tif,bird,250,222,163,202,125
/home/mirandalv/Documents/github/geo_AnimalDetection/dataset/processing_data/clipped/125.tif,125.tif,bird,199,175,221,263,125
/home/mirandalv/Documents/github/geo_AnimalDetection/dataset/processing_data/clipped/125.tif,125.tif,bird,245,225,198,237,125
/home/mirandalv/Documents/github/geo_AnimalDetection/dataset/processing_data/clipped/134.tif,134.tif,bird,55,33,-1,38,134
/home/mirandalv/Documents/github/geo_AnimalDetection/dataset/processing_data/clipped/134.tif,134.tif,bird,26,-2,0,43,134
/home/mirandalv/Documents/github/geo_AnimalDetection/dataset/processing_data/clipped/134.tif,134.tif,bird,45,25,98,137,134
/home/mirandalv/Documents/github/geo_AnimalDetection/dataset/processing_data/clipped/134.tif,134.tif,bird,55,31,207,248,134
/home/mirandalv/Documents/github/geo_AnimalDetection/dataset/processing_data/clipped/134.tif,134.tif,bird,44,20,135,174,134
/home/mirandalv/Documents/github/geo_AnimalDetection/dataset/processing_data/clipped/134.tif,134.tif,bird,118,89,191,236,134
/home/mirandalv/Documents/github/geo_AnimalDetection/dataset/processing_data/clipped/134.tif,134.tif,bird,164,128,231,268,134
/home/mirandalv/Documents/github/geo_AnimalDetection/dataset/processing_data/clipped/134.tif,134.tif,bird,156,121,192,229,134
/home/mirandalv/Documents/github/geo_AnimalDetection/dataset/processing_data/clipped/134.tif,134.tif,bird,122,98,149,188,134
/home/mirandalv/Documents/github/geo_AnimalDetection/dataset/processing_data/clipped/134.tif,134.tif,bird,67,48,37,80,134
/home/mirandalv/Documents/github/geo_AnimalDetection/dataset/processing_data/clipped/134.tif,134.tif,bird,88,62,71,112,134
/home/mirandalv/Documents/github/geo_AnimalDetection/dataset/processing_data/clipped/134.tif,134.tif,bird,113,84,22,67,134
/home/mirandalv/Documents/github/geo_AnimalDetection/dataset/processing_data/clipped/134.tif,134.tif,bird,126,102,55,98,134
/home/mirandalv/Documents/github/geo_AnimalDetection/dataset/processing_data/clipped/134.tif,134.tif,bird,141,114,106,151,134
/home/mirandalv/Documents/github/geo_AnimalDetection/dataset/processing_data/clipped/134.tif,134.tif,bird,143,120,12,55,134
/home/mirandalv/Documents/github/geo_AnimalDetection/dataset/processing_data/clipped/134.tif,134.tif,bird,209,170,-11,30,134
/home/mirandalv/Documents/github/geo_AnimalDetection/dataset/processing_data/clipped/134.tif,134.tif,bird,226,206,35,73,134
/home/mirandalv/Documents/github/geo_AnimalDetection/dataset/processing_data/clipped/134.tif,134.tif,bird,190,151,31,70,134
/home/mirandalv/Documents/github/geo_AnimalDetection/dataset/processing_data/clipped/134.tif,134.tif,bird,213,189,75,115,134
/home/mirandalv/Documents/github/geo_AnimalDetection/dataset/processing_data/clipped/134.tif,134.tif,bird,260,230,110,148,134
/home/mirandalv/Documents/github/geo_AnimalDetection/dataset/processing_data/clipped/134.tif,134.tif,bird,259,221,157,194,134
/home/mirandalv/Documents/github/geo_AnimalDetection/dataset/processing_data/clipped/134.tif,134.tif,bird,163,144,135,173,134
/home/mirandalv/Documents/github/geo_AnimalDetection/dataset/processing_data/clipped/134.tif,134.tif,bird,200,174,168,210,134
/home/mirandalv/Documents/github/geo_AnimalDetection/dataset/processing_data/clipped/134.tif,134.tif,bird,221,195,131,170,134
/home/mirandalv/Documents/github/geo_AnimalDetection/dataset/processing_data/clipped/134.tif,134.tif,bird,244,209,197,241,134
/home/mirandalv/Documents/github/geo_AnimalDetection/dataset/processing_data/clipped/134.tif,134.tif,bird,195,176,209,251,134
/home/mirandalv/Documents/github/geo_AnimalDetection/dataset/processing_data/clipped/134.tif,134.tif,bird,272,236,232,275,134
/home/mirandalv/Documents/github/geo_AnimalDetection/dataset/processing_data/clipped/204.tif,204.tif,bird,23,-1,59,100,204
/home/mirandalv/Documents/github/geo_AnimalDetection/dataset/processing_data/clipped/204.tif,204.tif,bird,27,2,15,59,204
/home/mirandalv/Documents/github/geo_AnimalDetection/dataset/processing_data/clipped/204.tif,204.tif,bird,74,41,93,134,204
/home/mirandalv/Documents/github/geo_AnimalDetection/dataset/processing_data/clipped/204.tif,204.tif,bird,65,36,39,80,204
/home/mirandalv/Documents/github/geo_AnimalDetection/dataset/processing_data/clipped/204.tif,204.tif,bird,78,53,3,46,204
/home/mirandalv/Documents/github/geo_AnimalDetection/dataset/processing_data/clipped/204.tif,204.tif,bird,117,93,23,68,204
/home/mirandalv/Documents/github/geo_AnimalDetection/dataset/processing_data/clipped/204.tif,204.tif,bird,141,117,107,151,204
/home/mirandalv/Documents/github/geo_AnimalDetection/dataset/processing_data/clipped/204.tif,204.tif,bird,114,93,158,201,204
/home/mirandalv/Documents/github/geo_AnimalDetection/dataset/processing_data/clipped/204.tif,204.tif,bird,86,56,124,166,204
/home/mirandalv/Documents/github/geo_AnimalDetection/dataset/processing_data/clipped/204.tif,204.tif,bird,75,48,171,213,204
/home/mirandalv/Documents/github/geo_AnimalDetection/dataset/processing_data/clipped/204.tif,204.tif,bird,47,12,135,178,204
/home/mirandalv/Documents/github/geo_AnimalDetection/dataset/processing_data/clipped/204.tif,204.tif,bird,36,5,177,218,204
/home/mirandalv/Documents/github/geo_AnimalDetection/dataset/processing_data/clipped/204.tif,204.tif,bird,13,-4,224,265,204
/home/mirandalv/Documents/github/geo_AnimalDetection/dataset/processing_data/clipped/204.tif,204.tif,bird,149,126,222,266,204
/home/mirandalv/Documents/github/geo_AnimalDetection/dataset/processing_data/clipped/204.tif,204.tif,bird,140,116,21,59,204
/home/mirandalv/Documents/github/geo_AnimalDetection/dataset/processing_data/clipped/204.tif,204.tif,bird,196,168,51,91,204
/home/mirandalv/Documents/github/geo_AnimalDetection/dataset/processing_data/clipped/130.tif,130.tif,bird,147,126,16,59,130
/home/mirandalv/Documents/github/geo_AnimalDetection/dataset/processing_data/clipped/130.tif,130.tif,bird,126,104,68,107,130
/home/mirandalv/Documents/github/geo_AnimalDetection/dataset/processing_data/clipped/130.tif,130.tif,bird,97,69,69,112,130
/home/mirandalv/Documents/github/geo_AnimalDetection/dataset/processing_data/clipped/130.tif,130.tif,bird,77,54,-4,40,130
/home/mirandalv/Documents/github/geo_AnimalDetection/dataset/processing_data/clipped/130.tif,130.tif,bird,181,158,34,82,130
/home/mirandalv/Documents/github/geo_AnimalDetection/dataset/processing_data/clipped/130.tif,130.tif,bird,212,178,0,46,130
/home/mirandalv/Documents/github/geo_AnimalDetection/dataset/processing_data/clipped/130.tif,130.tif,bird,231,206,35,77,130
/home/mirandalv/Documents/github/geo_AnimalDetection/dataset/processing_data/clipped/130.tif,130.tif,bird,243,217,-11,33,130
/home/mirandalv/Documents/github/geo_AnimalDetection/dataset/processing_data/clipped/130.tif,130.tif,bird,25,-9,190,232,130
/home/mirandalv/Documents/github/geo_AnimalDetection/dataset/processing_data/clipped/130.tif,130.tif,bird,88,56,178,222,130
/home/mirandalv/Documents/github/geo_AnimalDetection/dataset/processing_data/clipped/130.tif,130.tif,bird,82,56,119,163,130
/home/mirandalv/Documents/github/geo_AnimalDetection/dataset/processing_data/clipped/130.tif,130.tif,bird,116,96,167,206,130
/home/mirandalv/Documents/github/geo_AnimalDetection/dataset/processing_data/clipped/130.tif,130.tif,bird,115,91,204,243,130
/home/mirandalv/Documents/github/geo_AnimalDetection/dataset/processing_data/clipped/130.tif,130.tif,bird,193,169,218,257,130
/home/mirandalv/Documents/github/geo_AnimalDetection/dataset/processing_data/clipped/130.tif,130.tif,bird,138,119,106,149,130
/home/mirandalv/Documents/github/geo_AnimalDetection/dataset/processing_data/clipped/130.tif,130.tif,bird,159,133,140,181,130
/home/mirandalv/Documents/github/geo_AnimalDetection/dataset/processing_data/clipped/130.tif,130.tif,bird,184,155,91,136,130
/home/mirandalv/Documents/github/geo_AnimalDetection/dataset/processing_data/clipped/130.tif,130.tif,bird,197,173,124,167,130
/home/mirandalv/Documents/github/geo_AnimalDetection/dataset/processing_data/clipped/130.tif,130.tif,bird,212,185,175,220,130
/home/mirandalv/Documents/github/geo_AnimalDetection/dataset/processing_data/clipped/130.tif,130.tif,bird,214,191,81,124,130
/home/mirandalv/Documents/github/geo_AnimalDetection/dataset/processing_data/clipped/130.tif,130.tif,bird,261,222,100,139,130
/home/mirandalv/Documents/github/geo_AnimalDetection/dataset/processing_data/clipped/130.tif,130.tif,bird,234,215,204,242,130
/home/mirandalv/Documents/github/geo_AnimalDetection/dataset/processing_data/clipped/312.tif,312.tif,bird,103,77,-10,31,312
/home/mirandalv/Documents/github/geo_AnimalDetection/dataset/processing_data/clipped/312.tif,312.tif,bird,27,7,-15,23,312
/home/mirandalv/Documents/github/geo_AnimalDetection/dataset/processing_data/clipped/312.tif,312.tif,bird,14,-10,25,65,312
/home/mirandalv/Documents/github/geo_AnimalDetection/dataset/processing_data/clipped/312.tif,312.tif,bird,61,31,60,98,312
/home/mirandalv/Documents/github/geo_AnimalDetection/dataset/processing_data/clipped/312.tif,312.tif,bird,76,53,17,58,312
/home/mirandalv/Documents/github/geo_AnimalDetection/dataset/processing_data/clipped/312.tif,312.tif,bird,103,76,34,75,312
/home/mirandalv/Documents/github/geo_AnimalDetection/dataset/processing_data/clipped/312.tif,312.tif,bird,142,118,29,66,312
/home/mirandalv/Documents/github/geo_AnimalDetection/dataset/processing_data/clipped/312.tif,312.tif,bird,161,137,76,116,312
/home/mirandalv/Documents/github/geo_AnimalDetection/dataset/processing_data/clipped/312.tif,312.tif,bird,186,155,59,102,312
/home/mirandalv/Documents/github/geo_AnimalDetection/dataset/processing_data/clipped/312.tif,312.tif,bird,186,152,103,143,312
/home/mirandalv/Documents/github/geo_AnimalDetection/dataset/processing_data/clipped/312.tif,312.tif,bird,146,112,108,149,312
/home/mirandalv/Documents/github/geo_AnimalDetection/dataset/processing_data/clipped/312.tif,312.tif,bird,91,58,94,133,312
/home/mirandalv/Documents/github/geo_AnimalDetection/dataset/processing_data/clipped/312.tif,312.tif,bird,90,67,139,178,312
/home/mirandalv/Documents/github/geo_AnimalDetection/dataset/processing_data/clipped/312.tif,312.tif,bird,60,22,107,144,312
/home/mirandalv/Documents/github/geo_AnimalDetection/dataset/processing_data/clipped/312.tif,312.tif,bird,116,81,169,207,312
/home/mirandalv/Documents/github/geo_AnimalDetection/dataset/processing_data/clipped/312.tif,312.tif,bird,22,-4,81,120,312
/home/mirandalv/Documents/github/geo_AnimalDetection/dataset/processing_data/clipped/312.tif,312.tif,bird,45,10,147,191,312
/home/mirandalv/Documents/github/geo_AnimalDetection/dataset/processing_data/clipped/312.tif,312.tif,bird,27,-1,199,238,312
/home/mirandalv/Documents/github/geo_AnimalDetection/dataset/processing_data/clipped/312.tif,312.tif,bird,22,2,234,273,312
/home/mirandalv/Documents/github/geo_AnimalDetection/dataset/processing_data/clipped/312.tif,312.tif,bird,213,178,21,65,312
/home/mirandalv/Documents/github/geo_AnimalDetection/dataset/processing_data/clipped/312.tif,312.tif,bird,250,214,-4,38,312
/home/mirandalv/Documents/github/geo_AnimalDetection/dataset/processing_data/clipped/312.tif,312.tif,bird,247,219,41,80,312
/home/mirandalv/Documents/github/geo_AnimalDetection/dataset/processing_data/clipped/312.tif,312.tif,bird,217,193,95,137,312
/home/mirandalv/Documents/github/geo_AnimalDetection/dataset/processing_data/clipped/312.tif,312.tif,bird,159,133,154,195,312
/home/mirandalv/Documents/github/geo_AnimalDetection/dataset/processing_data/clipped/312.tif,312.tif,bird,212,176,143,186,312
/home/mirandalv/Documents/github/geo_AnimalDetection/dataset/processing_data/clipped/312.tif,312.tif,bird,193,164,188,227,312
/home/mirandalv/Documents/github/geo_AnimalDetection/dataset/processing_data/clipped/312.tif,312.tif,bird,156,131,189,234,312
/home/mirandalv/Documents/github/geo_AnimalDetection/dataset/processing_data/clipped/312.tif,312.tif,bird,122,81,205,245,312
/home/mirandalv/Documents/github/geo_AnimalDetection/dataset/processing_data/clipped/312.tif,312.tif,bird,73,37,182,225,312
/home/mirandalv/Documents/github/geo_AnimalDetection/dataset/processing_data/clipped/312.tif,312.tif,bird,65,36,229,272,312
/home/mirandalv/Documents/github/geo_AnimalDetection/dataset/processing_data/clipped/312.tif,312.tif,bird,187,156,223,264,312
/home/mirandalv/Documents/github/geo_AnimalDetection/dataset/processing_data/clipped/312.tif,312.tif,bird,238,213,172,214,312
/home/mirandalv/Documents/github/geo_AnimalDetection/dataset/processing_data/clipped/312.tif,312.tif,bird,245,217,207,251,312
/home/mirandalv/Documents/github/geo_AnimalDetection/dataset/processing_data/clipped/247.tif,247.tif,bird,38,3,3,48,247
/home/mirandalv/Documents/github/geo_AnimalDetection/dataset/processing_data/clipped/247.tif,247.tif,bird,85,52,-5,44,247
/home/mirandalv/Documents/github/geo_AnimalDetection/dataset/processing_data/clipped/247.tif,247.tif,bird,172,129,14,44,247
/home/mirandalv/Documents/github/geo_AnimalDetection/dataset/processing_data/clipped/247.tif,247.tif,bird,236,206,35,79,247
/home/mirandalv/Documents/github/geo_AnimalDetection/dataset/processing_data/clipped/247.tif,247.tif,bird,225,202,74,117,247
/home/mirandalv/Documents/github/geo_AnimalDetection/dataset/processing_data/clipped/247.tif,247.tif,bird,194,167,91,134,247
/home/mirandalv/Documents/github/geo_AnimalDetection/dataset/processing_data/clipped/247.tif,247.tif,bird,231,196,119,159,247
/home/mirandalv/Documents/github/geo_AnimalDetection/dataset/processing_data/clipped/247.tif,247.tif,bird,191,150,47,79,247
/home/mirandalv/Documents/github/geo_AnimalDetection/dataset/processing_data/clipped/247.tif,247.tif,bird,162,131,136,181,247
/home/mirandalv/Documents/github/geo_AnimalDetection/dataset/processing_data/clipped/247.tif,247.tif,bird,168,139,196,239,247
/home/mirandalv/Documents/github/geo_AnimalDetection/dataset/processing_data/clipped/247.tif,247.tif,bird,192,169,225,267,247
/home/mirandalv/Documents/github/geo_AnimalDetection/dataset/processing_data/clipped/247.tif,247.tif,bird,236,204,201,247,247
/home/mirandalv/Documents/github/geo_AnimalDetection/dataset/processing_data/clipped/247.tif,247.tif,bird,141,110,52,100,247
/home/mirandalv/Documents/github/geo_AnimalDetection/dataset/processing_data/clipped/247.tif,247.tif,bird,112,83,59,107,247
/home/mirandalv/Documents/github/geo_AnimalDetection/dataset/processing_data/clipped/247.tif,247.tif,bird,144,113,107,150,247
/home/mirandalv/Documents/github/geo_AnimalDetection/dataset/processing_data/clipped/247.tif,247.tif,bird,114,94,147,186,247
/home/mirandalv/Documents/github/geo_AnimalDetection/dataset/processing_data/clipped/247.tif,247.tif,bird,110,88,177,221,247
/home/mirandalv/Documents/github/geo_AnimalDetection/dataset/processing_data/clipped/247.tif,247.tif,bird,69,38,85,125,247
/home/mirandalv/Documents/github/geo_AnimalDetection/dataset/processing_data/clipped/247.tif,247.tif,bird,85,60,117,161,247
/home/mirandalv/Documents/github/geo_AnimalDetection/dataset/processing_data/clipped/247.tif,247.tif,bird,84,49,172,206,247
/home/mirandalv/Documents/github/geo_AnimalDetection/dataset/processing_data/clipped/247.tif,247.tif,bird,33,14,128,168,247
/home/mirandalv/Documents/github/geo_AnimalDetection/dataset/processing_data/clipped/247.tif,247.tif,bird,61,31,33,75,247
/home/mirandalv/Documents/github/geo_AnimalDetection/dataset/processing_data/clipped/247.tif,247.tif,bird,17,-14,53,97,247
/home/mirandalv/Documents/github/geo_AnimalDetection/dataset/processing_data/clipped/247.tif,247.tif,bird,57,27,202,247,247
/home/mirandalv/Documents/github/geo_AnimalDetection/dataset/processing_data/clipped/247.tif,247.tif,bird,25,-9,216,262,247
/home/mirandalv/Documents/github/geo_AnimalDetection/dataset/processing_data/clipped/267.tif,267.tif,bird,258,227,-1,39,267
/home/mirandalv/Documents/github/geo_AnimalDetection/dataset/processing_data/clipped/267.tif,267.tif,bird,273,238,86,120,267
/home/mirandalv/Documents/github/geo_AnimalDetection/dataset/processing_data/clipped/267.tif,267.tif,bird,222,203,42,82,267
/home/mirandalv/Documents/github/geo_AnimalDetection/dataset/processing_data/clipped/267.tif,267.tif,bird,184,166,12,51,267
/home/mirandalv/Documents/github/geo_AnimalDetection/dataset/processing_data/clipped/267.tif,267.tif,bird,246,216,116,161,267
/home/mirandalv/Documents/github/geo_AnimalDetection/dataset/processing_data/clipped/267.tif,267.tif,bird,214,180,130,176,267
/home/mirandalv/Documents/github/geo_AnimalDetection/dataset/processing_data/clipped/267.tif,267.tif,bird,169,141,64,108,267
/home/mirandalv/Documents/github/geo_AnimalDetection/dataset/processing_data/clipped/267.tif,267.tif,bird,140,113,-7,36,267
/home/mirandalv/Documents/github/geo_AnimalDetection/dataset/processing_data/clipped/267.tif,267.tif,bird,140,115,43,81,267
/home/mirandalv/Documents/github/geo_AnimalDetection/dataset/processing_data/clipped/267.tif,267.tif,bird,208,178,184,228,267
/home/mirandalv/Documents/github/geo_AnimalDetection/dataset/processing_data/clipped/267.tif,267.tif,bird,249,217,169,209,267
/home/mirandalv/Documents/github/geo_AnimalDetection/dataset/processing_data/clipped/267.tif,267.tif,bird,246,215,224,265,267
/home/mirandalv/Documents/github/geo_AnimalDetection/dataset/processing_data/clipped/267.tif,267.tif,bird,147,112,113,145,267
/home/mirandalv/Documents/github/geo_AnimalDetection/dataset/processing_data/clipped/267.tif,267.tif,bird,176,138,105,143,267
/home/mirandalv/Documents/github/geo_AnimalDetection/dataset/processing_data/clipped/267.tif,267.tif,bird,143,110,73,110,267
/home/mirandalv/Documents/github/geo_AnimalDetection/dataset/processing_data/clipped/267.tif,267.tif,bird,99,72,88,127,267
/home/mirandalv/Documents/github/geo_AnimalDetection/dataset/processing_data/clipped/267.tif,267.tif,bird,89,61,131,168,267
/home/mirandalv/Documents/github/geo_AnimalDetection/dataset/processing_data/clipped/267.tif,267.tif,bird,110,79,42,83,267
/home/mirandalv/Documents/github/geo_AnimalDetection/dataset/processing_data/clipped/267.tif,267.tif,bird,54,25,106,144,267
/home/mirandalv/Documents/github/geo_AnimalDetection/dataset/processing_data/clipped/267.tif,267.tif,bird,50,20,146,184,267
/home/mirandalv/Documents/github/geo_AnimalDetection/dataset/processing_data/clipped/267.tif,267.tif,bird,11,-14,127,168,267
/home/mirandalv/Documents/github/geo_AnimalDetection/dataset/processing_data/clipped/267.tif,267.tif,bird,78,46,51,90,267
/home/mirandalv/Documents/github/geo_AnimalDetection/dataset/processing_data/clipped/267.tif,267.tif,bird,30,1,32,73,267
/home/mirandalv/Documents/github/geo_AnimalDetection/dataset/processing_data/clipped/267.tif,267.tif,bird,21,-13,76,115,267
/home/mirandalv/Documents/github/geo_AnimalDetection/dataset/processing_data/clipped/267.tif,267.tif,bird,75,35,18,41,267
/home/mirandalv/Documents/github/geo_AnimalDetection/dataset/processing_data/clipped/267.tif,267.tif,bird,115,87,-1,37,267
/home/mirandalv/Documents/github/geo_AnimalDetection/dataset/processing_data/clipped/267.tif,267.tif,bird,50,15,208,252,267
/home/mirandalv/Documents/github/geo_AnimalDetection/dataset/processing_data/clipped/267.tif,267.tif,bird,87,51,183,225,267
/home/mirandalv/Documents/github/geo_AnimalDetection/dataset/processing_data/clipped/267.tif,267.tif,bird,84,56,228,267,267
/home/mirandalv/Documents/github/geo_AnimalDetection/dataset/processing_data/clipped/267.tif,267.tif,bird,123,95,187,224,267
/home/mirandalv/Documents/github/geo_AnimalDetection/dataset/processing_data/clipped/267.tif,267.tif,bird,123,94,221,267,267
/home/mirandalv/Documents/github/geo_AnimalDetection/dataset/processing_data/clipped/267.tif,267.tif,bird,158,123,173,203,267
/home/mirandalv/Documents/github/geo_AnimalDetection/dataset/processing_data/clipped/267.tif,267.tif,bird,160,122,207,242,267
/home/mirandalv/Documents/github/geo_AnimalDetection/dataset/processing_data/clipped/175.tif,175.tif,bird,21,-7,25,66,175
/home/mirandalv/Documents/github/geo_AnimalDetection/dataset/processing_data/clipped/175.tif,175.tif,bird,32,5,178,215,175
/home/mirandalv/Documents/github/geo_AnimalDetection/dataset/processing_data/clipped/175.tif,175.tif,bird,13,-10,218,259,175
/home/mirandalv/Documents/github/geo_AnimalDetection/dataset/processing_data/clipped/175.tif,175.tif,bird,82,59,122,163,175
/home/mirandalv/Documents/github/geo_AnimalDetection/dataset/processing_data/clipped/175.tif,175.tif,bird,73,51,169,206,175
/home/mirandalv/Documents/github/geo_AnimalDetection/dataset/processing_data/clipped/175.tif,175.tif,bird,141,119,73,113,175
/home/mirandalv/Documents/github/geo_AnimalDetection/dataset/processing_data/clipped/175.tif,175.tif,bird,142,114,108,144,175
/home/mirandalv/Documents/github/geo_AnimalDetection/dataset/processing_data/clipped/175.tif,175.tif,bird,123,95,148,189,175
/home/mirandalv/Documents/github/geo_AnimalDetection/dataset/processing_data/clipped/175.tif,175.tif,bird,160,144,145,183,175
/home/mirandalv/Documents/github/geo_AnimalDetection/dataset/processing_data/clipped/175.tif,175.tif,bird,183,165,55,95,175
/home/mirandalv/Documents/github/geo_AnimalDetection/dataset/processing_data/clipped/175.tif,175.tif,bird,201,179,169,211,175
/home/mirandalv/Documents/github/geo_AnimalDetection/dataset/processing_data/clipped/175.tif,175.tif,bird,108,88,193,234,175
/home/mirandalv/Documents/github/geo_AnimalDetection/dataset/processing_data/clipped/175.tif,175.tif,bird,141,116,229,274,175
/home/mirandalv/Documents/github/geo_AnimalDetection/dataset/processing_data/clipped/175.tif,175.tif,bird,192,171,216,256,175
/home/mirandalv/Documents/github/geo_AnimalDetection/dataset/processing_data/clipped/175.tif,175.tif,bird,254,229,103,145,175
/home/mirandalv/Documents/github/geo_AnimalDetection/dataset/processing_data/clipped/175.tif,175.tif,bird,240,217,161,202,175
/home/mirandalv/Documents/github/geo_AnimalDetection/dataset/processing_data/clipped/175.tif,175.tif,bird,235,214,202,244,175
/home/mirandalv/Documents/github/geo_AnimalDetection/dataset/processing_data/clipped/187.tif,187.tif,bird,25,2,69,108,187
/home/mirandalv/Documents/github/geo_AnimalDetection/dataset/processing_data/clipped/187.tif,187.tif,bird,20,-1,146,184,187
/home/mirandalv/Documents/github/geo_AnimalDetection/dataset/processing_data/clipped/187.tif,187.tif,bird,82,62,12,52,187
/home/mirandalv/Documents/github/geo_AnimalDetection/dataset/processing_data/clipped/187.tif,187.tif,bird,132,101,-19,27,187
/home/mirandalv/Documents/github/geo_AnimalDetection/dataset/processing_data/clipped/187.tif,187.tif,bird,215,179,3,42,187
/home/mirandalv/Documents/github/geo_AnimalDetection/dataset/processing_data/clipped/187.tif,187.tif,bird,169,132,16,59,187
/home/mirandalv/Documents/github/geo_AnimalDetection/dataset/processing_data/clipped/187.tif,187.tif,bird,220,189,47,87,187
/home/mirandalv/Documents/github/geo_AnimalDetection/dataset/processing_data/clipped/187.tif,187.tif,bird,169,144,71,115,187
/home/mirandalv/Documents/github/geo_AnimalDetection/dataset/processing_data/clipped/187.tif,187.tif,bird,142,113,108,149,187
/home/mirandalv/Documents/github/geo_AnimalDetection/dataset/processing_data/clipped/187.tif,187.tif,bird,106,82,80,124,187
/home/mirandalv/Documents/github/geo_AnimalDetection/dataset/processing_data/clipped/187.tif,187.tif,bird,94,66,52,99,187
/home/mirandalv/Documents/github/geo_AnimalDetection/dataset/processing_data/clipped/187.tif,187.tif,bird,65,40,92,136,187
/home/mirandalv/Documents/github/geo_AnimalDetection/dataset/processing_data/clipped/187.tif,187.tif,bird,90,61,112,149,187
/home/mirandalv/Documents/github/geo_AnimalDetection/dataset/processing_data/clipped/187.tif,187.tif,bird,245,221,32,73,187
/home/mirandalv/Documents/github/geo_AnimalDetection/dataset/processing_data/clipped/187.tif,187.tif,bird,256,232,161,197,187
/home/mirandalv/Documents/github/geo_AnimalDetection/dataset/processing_data/clipped/187.tif,187.tif,bird,229,198,124,165,187
/home/mirandalv/Documents/github/geo_AnimalDetection/dataset/processing_data/clipped/187.tif,187.tif,bird,185,167,100,140,187
/home/mirandalv/Documents/github/geo_AnimalDetection/dataset/processing_data/clipped/187.tif,187.tif,bird,177,149,150,190,187
/home/mirandalv/Documents/github/geo_AnimalDetection/dataset/processing_data/clipped/187.tif,187.tif,bird,217,189,170,215,187
/home/mirandalv/Documents/github/geo_AnimalDetection/dataset/processing_data/clipped/187.tif,187.tif,bird,177,151,190,225,187
/home/mirandalv/Documents/github/geo_AnimalDetection/dataset/processing_data/clipped/187.tif,187.tif,bird,212,179,210,248,187
/home/mirandalv/Documents/github/geo_AnimalDetection/dataset/processing_data/clipped/187.tif,187.tif,bird,252,223,207,242,187
/home/mirandalv/Documents/github/geo_AnimalDetection/dataset/processing_data/clipped/187.tif,187.tif,bird,171,140,225,267,187
/home/mirandalv/Documents/github/geo_AnimalDetection/dataset/processing_data/clipped/187.tif,187.tif,bird,59,24,122,162,187
/home/mirandalv/Documents/github/geo_AnimalDetection/dataset/processing_data/clipped/187.tif,187.tif,bird,91,63,156,197,187
/home/mirandalv/Documents/github/geo_AnimalDetection/dataset/processing_data/clipped/187.tif,187.tif,bird,49,16,186,228,187
/home/mirandalv/Documents/github/geo_AnimalDetection/dataset/processing_data/clipped/187.tif,187.tif,bird,76,46,207,248,187
/home/mirandalv/Documents/github/geo_AnimalDetection/dataset/processing_data/clipped/187.tif,187.tif,bird,30,5,222,262,187
/home/mirandalv/Documents/github/geo_AnimalDetection/dataset/processing_data/clipped/187.tif,187.tif,bird,123,102,206,244,187
/home/mirandalv/Documents/github/geo_AnimalDetection/dataset/processing_data/clipped/187.tif,187.tif,bird,125,103,145,184,187
/home/mirandalv/Documents/github/geo_AnimalDetection/dataset/processing_data/clipped/254.tif,254.tif,bird,143,108,-18,27,254
/home/mirandalv/Documents/github/geo_AnimalDetection/dataset/processing_data/clipped/254.tif,254.tif,bird,277,234,-7,23,254
/home/mirandalv/Documents/github/geo_AnimalDetection/dataset/processing_data/clipped/254.tif,254.tif,bird,267,236,115,160,254
/home/mirandalv/Documents/github/geo_AnimalDetection/dataset/processing_data/clipped/254.tif,254.tif,bird,246,215,31,79,254
/home/mirandalv/Documents/github/geo_AnimalDetection/dataset/processing_data/clipped/254.tif,254.tif,bird,217,188,38,86,254
/home/mirandalv/Documents/github/geo_AnimalDetection/dataset/processing_data/clipped/254.tif,254.tif,bird,249,218,86,129,254
/home/mirandalv/Documents/github/geo_AnimalDetection/dataset/processing_data/clipped/254.tif,254.tif,bird,219,199,126,165,254
/home/mirandalv/Documents/github/geo_AnimalDetection/dataset/processing_data/clipped/254.tif,254.tif,bird,259,234,220,265,254
/home/mirandalv/Documents/github/geo_AnimalDetection/dataset/processing_data/clipped/254.tif,254.tif,bird,215,193,156,200,254
/home/mirandalv/Documents/github/geo_AnimalDetection/dataset/processing_data/clipped/254.tif,254.tif,bird,174,143,64,104,254
/home/mirandalv/Documents/github/geo_AnimalDetection/dataset/processing_data/clipped/254.tif,254.tif,bird,190,165,96,140,254
/home/mirandalv/Documents/github/geo_AnimalDetection/dataset/processing_data/clipped/254.tif,254.tif,bird,189,154,151,185,254
/home/mirandalv/Documents/github/geo_AnimalDetection/dataset/processing_data/clipped/254.tif,254.tif,bird,138,119,107,147,254
/home/mirandalv/Documents/github/geo_AnimalDetection/dataset/processing_data/clipped/254.tif,254.tif,bird,100,82,77,116,254
/home/mirandalv/Documents/github/geo_AnimalDetection/dataset/processing_data/clipped/254.tif,254.tif,bird,166,136,12,54,254
/home/mirandalv/Documents/github/geo_AnimalDetection/dataset/processing_data/clipped/254.tif,254.tif,bird,122,91,32,76,254
/home/mirandalv/Documents/github/geo_AnimalDetection/dataset/processing_data/clipped/254.tif,254.tif,bird,162,132,181,226,254
/home/mirandalv/Documents/github/geo_AnimalDetection/dataset/processing_data/clipped/254.tif,254.tif,bird,130,96,195,241,254
/home/mirandalv/Documents/github/geo_AnimalDetection/dataset/processing_data/clipped/254.tif,254.tif,bird,85,57,129,173,254
/home/mirandalv/Documents/github/geo_AnimalDetection/dataset/processing_data/clipped/254.tif,254.tif,bird,92,72,3,40,254
/home/mirandalv/Documents/github/geo_AnimalDetection/dataset/processing_data/clipped/254.tif,254.tif,bird,56,29,58,101,254
/home/mirandalv/Documents/github/geo_AnimalDetection/dataset/processing_data/clipped/254.tif,254.tif,bird,56,31,108,146,254
/home/mirandalv/Documents/github/geo_AnimalDetection/dataset/processing_data/clipped/254.tif,254.tif,bird,165,133,234,274,254
/home/mirandalv/Documents/github/geo_AnimalDetection/dataset/processing_data/clipped/254.tif,254.tif,bird,63,28,178,210,254
/home/mirandalv/Documents/github/geo_AnimalDetection/dataset/processing_data/clipped/254.tif,254.tif,bird,92,54,170,208,254
/home/mirandalv/Documents/github/geo_AnimalDetection/dataset/processing_data/clipped/254.tif,254.tif,bird,59,26,138,175,254
/home/mirandalv/Documents/github/geo_AnimalDetection/dataset/processing_data/clipped/254.tif,254.tif,bird,15,-12,153,192,254
/home/mirandalv/Documents/github/geo_AnimalDetection/dataset/processing_data/clipped/254.tif,254.tif,bird,26,-5,107,148,254
/home/mirandalv/Documents/github/geo_AnimalDetection/dataset/processing_data/clipped/254.tif,254.tif,bird,31,3,64,102,254
/home/mirandalv/Documents/github/geo_AnimalDetection/dataset/processing_data/clipped/254.tif,254.tif,bird,74,39,238,268,254
/home/mirandalv/Documents/github/geo_AnimalDetection/dataset/processing_data/clipped/254.tif,254.tif,bird,206,181,234,275,254
/home/mirandalv/Documents/github/geo_AnimalDetection/dataset/processing_data/clipped/324.tif,324.tif,bird,19,-5,8,49,324
/home/mirandalv/Documents/github/geo_AnimalDetection/dataset/processing_data/clipped/324.tif,324.tif,bird,53,31,46,90,324
/home/mirandalv/Documents/github/geo_AnimalDetection/dataset/processing_data/clipped/324.tif,324.tif,bird,19,-16,110,146,324
/home/mirandalv/Documents/github/geo_AnimalDetection/dataset/processing_data/clipped/324.tif,324.tif,bird,27,4,169,211,324
/home/mirandalv/Documents/github/geo_AnimalDetection/dataset/processing_data/clipped/324.tif,324.tif,bird,64,44,110,149,324
/home/mirandalv/Documents/github/geo_AnimalDetection/dataset/processing_data/clipped/324.tif,324.tif,bird,91,64,162,203,324
/home/mirandalv/Documents/github/geo_AnimalDetection/dataset/processing_data/clipped/324.tif,324.tif,bird,96,57,201,230,324
/home/mirandalv/Documents/github/geo_AnimalDetection/dataset/processing_data/clipped/324.tif,324.tif,bird,64,43,215,257,324
/home/mirandalv/Documents/github/geo_AnimalDetection/dataset/processing_data/clipped/324.tif,324.tif,bird,82,53,-8,37,324
/home/mirandalv/Documents/github/geo_AnimalDetection/dataset/processing_data/clipped/324.tif,324.tif,bird,105,83,72,115,324
/home/mirandalv/Documents/github/geo_AnimalDetection/dataset/processing_data/clipped/324.tif,324.tif,bird,128,92,32,69,324
/home/mirandalv/Documents/github/geo_AnimalDetection/dataset/processing_data/clipped/324.tif,324.tif,bird,120,85,-7,30,324
/home/mirandalv/Documents/github/geo_AnimalDetection/dataset/processing_data/clipped/324.tif,324.tif,bird,253,230,-10,29,324
/home/mirandalv/Documents/github/geo_AnimalDetection/dataset/processing_data/clipped/324.tif,324.tif,bird,208,173,-2,42,324
/home/mirandalv/Documents/github/geo_AnimalDetection/dataset/processing_data/clipped/324.tif,324.tif,bird,159,140,10,52,324
/home/mirandalv/Documents/github/geo_AnimalDetection/dataset/processing_data/clipped/324.tif,324.tif,bird,158,126,66,105,324
/home/mirandalv/Documents/github/geo_AnimalDetection/dataset/processing_data/clipped/324.tif,324.tif,bird,190,162,50,89,324
/home/mirandalv/Documents/github/geo_AnimalDetection/dataset/processing_data/clipped/324.tif,324.tif,bird,139,115,108,150,324
/home/mirandalv/Documents/github/geo_AnimalDetection/dataset/processing_data/clipped/324.tif,324.tif,bird,171,140,142,188,324
/home/mirandalv/Documents/github/geo_AnimalDetection/dataset/processing_data/clipped/324.tif,324.tif,bird,185,165,85,124,324
/home/mirandalv/Documents/github/geo_AnimalDetection/dataset/processing_data/clipped/324.tif,324.tif,bird,131,112,151,198,324
/home/mirandalv/Documents/github/geo_AnimalDetection/dataset/processing_data/clipped/324.tif,324.tif,bird,160,138,234,275,324
/home/mirandalv/Documents/github/geo_AnimalDetection/dataset/processing_data/clipped/324.tif,324.tif,bird,201,173,218,262,324
/home/mirandalv/Documents/github/geo_AnimalDetection/dataset/processing_data/clipped/324.tif,324.tif,bird,50,19,229,273,324
/home/mirandalv/Documents/github/geo_AnimalDetection/dataset/processing_data/clipped/324.tif,324.tif,bird,236,200,33,76,324
/home/mirandalv/Documents/github/geo_AnimalDetection/dataset/processing_data/clipped/324.tif,324.tif,bird,228,199,80,123,324
/home/mirandalv/Documents/github/geo_AnimalDetection/dataset/processing_data/clipped/324.tif,324.tif,bird,228,195,126,172,324
/home/mirandalv/Documents/github/geo_AnimalDetection/dataset/processing_data/clipped/324.tif,324.tif,bird,256,227,150,198,324
/home/mirandalv/Documents/github/geo_AnimalDetection/dataset/processing_data/clipped/324.tif,324.tif,bird,222,193,175,221,324
/home/mirandalv/Documents/github/geo_AnimalDetection/dataset/processing_data/clipped/324.tif,324.tif,bird,261,234,205,249,324
/home/mirandalv/Documents/github/geo_AnimalDetection/dataset/processing_data/clipped/379.tif,379.tif,bird,10,-10,230,273,379
/home/mirandalv/Documents/github/geo_AnimalDetection/dataset/processing_data/clipped/379.tif,379.tif,bird,27,1,16,55,379
/home/mirandalv/Documents/github/geo_AnimalDetection/dataset/processing_data/clipped/379.tif,379.tif,bird,16,-8,51,90,379
/home/mirandalv/Documents/github/geo_AnimalDetection/dataset/processing_data/clipped/379.tif,379.tif,bird,80,54,1,46,379
/home/mirandalv/Documents/github/geo_AnimalDetection/dataset/processing_data/clipped/379.tif,379.tif,bird,65,40,52,97,379
/home/mirandalv/Documents/github/geo_AnimalDetection/dataset/processing_data/clipped/379.tif,379.tif,bird,22,-2,100,138,379
/home/mirandalv/Documents/github/geo_AnimalDetection/dataset/processing_data/clipped/379.tif,379.tif,bird,47,23,85,123,379
/home/mirandalv/Documents/github/geo_AnimalDetection/dataset/processing_data/clipped/379.tif,379.tif,bird,38,18,132,174,379
/home/mirandalv/Documents/github/geo_AnimalDetection/dataset/processing_data/clipped/379.tif,379.tif,bird,41,4,180,201,379
/home/mirandalv/Documents/github/geo_AnimalDetection/dataset/processing_data/clipped/379.tif,379.tif,bird,75,51,187,226,379
/home/mirandalv/Documents/github/geo_AnimalDetection/dataset/processing_data/clipped/379.tif,379.tif,bird,80,49,222,254,379
/home/mirandalv/Documents/github/geo_AnimalDetection/dataset/processing_data/clipped/379.tif,379.tif,bird,120,102,-8,29,379
/home/mirandalv/Documents/github/geo_AnimalDetection/dataset/processing_data/clipped/379.tif,379.tif,bird,164,132,17,57,379
/home/mirandalv/Documents/github/geo_AnimalDetection/dataset/processing_data/clipped/379.tif,379.tif,bird,203,182,49,87,379
/home/mirandalv/Documents/github/geo_AnimalDetection/dataset/processing_data/clipped/379.tif,379.tif,bird,248,223,-5,39,379
/home/mirandalv/Documents/github/geo_AnimalDetection/dataset/processing_data/clipped/379.tif,379.tif,bird,197,174,227,268,379
/home/mirandalv/Documents/github/geo_AnimalDetection/dataset/processing_data/clipped/379.tif,379.tif,bird,164,133,233,275,379
/home/mirandalv/Documents/github/geo_AnimalDetection/dataset/processing_data/clipped/379.tif,379.tif,bird,138,103,200,244,379
/home/mirandalv/Documents/github/geo_AnimalDetection/dataset/processing_data/clipped/379.tif,379.tif,bird,90,68,114,156,379
/home/mirandalv/Documents/github/geo_AnimalDetection/dataset/processing_data/clipped/379.tif,379.tif,bird,143,113,106,149,379
/home/mirandalv/Documents/github/geo_AnimalDetection/dataset/processing_data/clipped/379.tif,379.tif,bird,140,110,152,196,379
/home/mirandalv/Documents/github/geo_AnimalDetection/dataset/processing_data/clipped/379.tif,379.tif,bird,177,136,177,217,379
/home/mirandalv/Documents/github/geo_AnimalDetection/dataset/processing_data/clipped/379.tif,379.tif,bird,171,134,128,170,379
/home/mirandalv/Documents/github/geo_AnimalDetection/dataset/processing_data/clipped/379.tif,379.tif,bird,185,154,96,139,379
/home/mirandalv/Documents/github/geo_AnimalDetection/dataset/processing_data/clipped/379.tif,379.tif,bird,242,207,25,65,379
/home/mirandalv/Documents/github/geo_AnimalDetection/dataset/processing_data/clipped/379.tif,379.tif,bird,232,199,89,131,379
/home/mirandalv/Documents/github/geo_AnimalDetection/dataset/processing_data/clipped/379.tif,379.tif,bird,259,229,110,151,379
/home/mirandalv/Documents/github/geo_AnimalDetection/dataset/processing_data/clipped/379.tif,379.tif,bird,213,188,125,165,379
/home/mirandalv/Documents/github/geo_AnimalDetection/dataset/processing_data/clipped/379.tif,379.tif,bird,237,215,202,241,379
/home/mirandalv/Documents/github/geo_AnimalDetection/dataset/processing_data/clipped/467.tif,467.tif,bird,32,0,100,148,467
/home/mirandalv/Documents/github/geo_AnimalDetection/dataset/processing_data/clipped/467.tif,467.tif,bird,67,31,228,275,467
/home/mirandalv/Documents/github/geo_AnimalDetection/dataset/processing_data/clipped/467.tif,467.tif,bird,41,7,184,229,467
/home/mirandalv/Documents/github/geo_AnimalDetection/dataset/processing_data/clipped/467.tif,467.tif,bird,50,23,130,176,467
/home/mirandalv/Documents/github/geo_AnimalDetection/dataset/processing_data/clipped/467.tif,467.tif,bird,164,131,190,236,467
/home/mirandalv/Documents/github/geo_AnimalDetection/dataset/processing_data/clipped/467.tif,467.tif,bird,93,64,117,162,467
/home/mirandalv/Documents/github/geo_AnimalDetection/dataset/processing_data/clipped/467.tif,467.tif,bird,144,111,103,151,467
/home/mirandalv/Documents/github/geo_AnimalDetection/dataset/processing_data/clipped/467.tif,467.tif,bird,103,82,72,112,467
/home/mirandalv/Documents/github/geo_AnimalDetection/dataset/processing_data/clipped/467.tif,467.tif,bird,80,43,38,85,467
/home/mirandalv/Documents/github/geo_AnimalDetection/dataset/processing_data/clipped/467.tif,467.tif,bird,74,48,-15,32,467
/home/mirandalv/Documents/github/geo_AnimalDetection/dataset/processing_data/clipped/467.tif,467.tif,bird,39,3,3,50,467
/home/mirandalv/Documents/github/geo_AnimalDetection/dataset/processing_data/clipped/467.tif,467.tif,bird,130,98,-16,27,467
/home/mirandalv/Documents/github/geo_AnimalDetection/dataset/processing_data/clipped/467.tif,467.tif,bird,215,188,183,227,467
/home/mirandalv/Documents/github/geo_AnimalDetection/dataset/processing_data/clipped/467.tif,467.tif,bird,209,186,56,97,467
/home/mirandalv/Documents/github/geo_AnimalDetection/dataset/processing_data/clipped/488.tif,488.tif,bird,39,4,174,223,488
/home/mirandalv/Documents/github/geo_AnimalDetection/dataset/processing_data/clipped/488.tif,488.tif,bird,214,190,214,258,488
/home/mirandalv/Documents/github/geo_AnimalDetection/dataset/processing_data/clipped/488.tif,488.tif,bird,212,180,172,213,488
/home/mirandalv/Documents/github/geo_AnimalDetection/dataset/processing_data/clipped/488.tif,488.tif,bird,46,16,134,177,488
/home/mirandalv/Documents/github/geo_AnimalDetection/dataset/processing_data/clipped/488.tif,488.tif,bird,78,50,87,138,488
/home/mirandalv/Documents/github/geo_AnimalDetection/dataset/processing_data/clipped/488.tif,488.tif,bird,38,9,51,104,488
/home/mirandalv/Documents/github/geo_AnimalDetection/dataset/processing_data/clipped/488.tif,488.tif,bird,35,4,-4,40,488
/home/mirandalv/Documents/github/geo_AnimalDetection/dataset/processing_data/clipped/488.tif,488.tif,bird,72,43,33,82,488
/home/mirandalv/Documents/github/geo_AnimalDetection/dataset/processing_data/clipped/488.tif,488.tif,bird,111,79,65,108,488
/home/mirandalv/Documents/github/geo_AnimalDetection/dataset/processing_data/clipped/488.tif,488.tif,bird,144,111,104,149,488
/home/mirandalv/Documents/github/geo_AnimalDetection/dataset/processing_data/clipped/488.tif,488.tif,bird,106,74,126,168,488
/home/mirandalv/Documents/github/geo_AnimalDetection/dataset/processing_data/clipped/488.tif,488.tif,bird,92,66,172,214,488
/home/mirandalv/Documents/github/geo_AnimalDetection/dataset/processing_data/clipped/488.tif,488.tif,bird,83,52,211,255,488
/home/mirandalv/Documents/github/geo_AnimalDetection/dataset/processing_data/clipped/488.tif,488.tif,bird,141,106,200,243,488
/home/mirandalv/Documents/github/geo_AnimalDetection/dataset/processing_data/clipped/488.tif,488.tif,bird,200,173,41,85,488
/home/mirandalv/Documents/github/geo_AnimalDetection/dataset/processing_data/clipped/488.tif,488.tif,bird,90,60,-9,33,488
/home/mirandalv/Documents/github/geo_AnimalDetection/dataset/processing_data/clipped/326.tif,326.tif,bird,16,-4,132,171,326
/home/mirandalv/Documents/github/geo_AnimalDetection/dataset/processing_data/clipped/326.tif,326.tif,bird,43,16,184,225,326
/home/mirandalv/Documents/github/geo_AnimalDetection/dataset/processing_data/clipped/326.tif,326.tif,bird,48,9,223,252,326
/home/mirandalv/Documents/github/geo_AnimalDetection/dataset/processing_data/clipped/326.tif,326.tif,bird,34,5,14,59,326
/home/mirandalv/Documents/github/geo_AnimalDetection/dataset/processing_data/clipped/326.tif,326.tif,bird,57,35,94,137,326
/home/mirandalv/Documents/github/geo_AnimalDetection/dataset/processing_data/clipped/326.tif,326.tif,bird,80,44,54,91,326
/home/mirandalv/Documents/github/geo_AnimalDetection/dataset/processing_data/clipped/326.tif,326.tif,bird,72,37,15,52,326
/home/mirandalv/Documents/github/geo_AnimalDetection/dataset/processing_data/clipped/326.tif,326.tif,bird,261,227,-19,22,326
/home/mirandalv/Documents/github/geo_AnimalDetection/dataset/processing_data/clipped/326.tif,326.tif,bird,205,182,12,51,326
/home/mirandalv/Documents/github/geo_AnimalDetection/dataset/processing_data/clipped/326.tif,326.tif,bird,231,196,42,80,326
/home/mirandalv/Documents/github/geo_AnimalDetection/dataset/processing_data/clipped/326.tif,326.tif,bird,116,90,-9,33,326
/home/mirandalv/Documents/github/geo_AnimalDetection/dataset/processing_data/clipped/326.tif,326.tif,bird,160,125,20,64,326
/home/mirandalv/Documents/github/geo_AnimalDetection/dataset/processing_data/clipped/326.tif,326.tif,bird,111,92,32,74,326
/home/mirandalv/Documents/github/geo_AnimalDetection/dataset/processing_data/clipped/326.tif,326.tif,bird,110,78,88,127,326
/home/mirandalv/Documents/github/geo_AnimalDetection/dataset/processing_data/clipped/326.tif,326.tif,bird,142,114,72,111,326
/home/mirandalv/Documents/github/geo_AnimalDetection/dataset/processing_data/clipped/326.tif,326.tif,bird,91,67,130,172,326
/home/mirandalv/Documents/github/geo_AnimalDetection/dataset/processing_data/clipped/326.tif,326.tif,bird,123,92,164,210,326
/home/mirandalv/Documents/github/geo_AnimalDetection/dataset/processing_data/clipped/326.tif,326.tif,bird,137,117,107,146,326
/home/mirandalv/Documents/github/geo_AnimalDetection/dataset/processing_data/clipped/326.tif,326.tif,bird,83,64,173,220,326
/home/mirandalv/Documents/github/geo_AnimalDetection/dataset/processing_data/clipped/326.tif,326.tif,bird,237,196,78,118,326
/home/mirandalv/Documents/github/geo_AnimalDetection/dataset/processing_data/clipped/326.tif,326.tif,bird,188,152,55,98,326
/home/mirandalv/Documents/github/geo_AnimalDetection/dataset/processing_data/clipped/326.tif,326.tif,bird,180,151,102,145,326
/home/mirandalv/Documents/github/geo_AnimalDetection/dataset/processing_data/clipped/326.tif,326.tif,bird,220,199,129,169,326
/home/mirandalv/Documents/github/geo_AnimalDetection/dataset/processing_data/clipped/326.tif,326.tif,bird,252,228,170,214,326
/home/mirandalv/Documents/github/geo_AnimalDetection/dataset/processing_data/clipped/326.tif,326.tif,bird,180,147,148,194,326
/home/mirandalv/Documents/github/geo_AnimalDetection/dataset/processing_data/clipped/326.tif,326.tif,bird,208,179,172,220,326
/home/mirandalv/Documents/github/geo_AnimalDetection/dataset/processing_data/clipped/326.tif,326.tif,bird,174,145,197,243,326
/home/mirandalv/Documents/github/geo_AnimalDetection/dataset/processing_data/clipped/326.tif,326.tif,bird,213,186,227,271,326
/home/mirandalv/Documents/github/geo_AnimalDetection/dataset/processing_data/clipped/326.tif,326.tif,bird,257,221,216,262,326
/home/mirandalv/Documents/github/geo_AnimalDetection/dataset/processing_data/clipped/234.tif,234.tif,bird,63,46,-9,32,234
/home/mirandalv/Documents/github/geo_AnimalDetection/dataset/processing_data/clipped/234.tif,234.tif,bird,30,5,7,45,234
/home/mirandalv/Documents/github/geo_AnimalDetection/dataset/processing_data/clipped/234.tif,234.tif,bird,162,135,9,56,234
/home/mirandalv/Documents/github/geo_AnimalDetection/dataset/processing_data/clipped/234.tif,234.tif,bird,199,176,-11,33,234
/home/mirandalv/Documents/github/geo_AnimalDetection/dataset/processing_data/clipped/234.tif,234.tif,bird,120,86,25,71,234
/home/mirandalv/Documents/github/geo_AnimalDetection/dataset/processing_data/clipped/234.tif,234.tif,bird,81,62,16,62,234
/home/mirandalv/Documents/github/geo_AnimalDetection/dataset/processing_data/clipped/234.tif,234.tif,bird,65,38,37,82,234
/home/mirandalv/Documents/github/geo_AnimalDetection/dataset/processing_data/clipped/234.tif,234.tif,bird,22,-6,43,86,234
/home/mirandalv/Documents/github/geo_AnimalDetection/dataset/processing_data/clipped/234.tif,234.tif,bird,79,36,86,116,234
/home/mirandalv/Documents/github/geo_AnimalDetection/dataset/processing_data/clipped/234.tif,234.tif,bird,262,238,104,147,234
/home/mirandalv/Documents/github/geo_AnimalDetection/dataset/processing_data/clipped/234.tif,234.tif,bird,143,113,107,151,234
/home/mirandalv/Documents/github/geo_AnimalDetection/dataset/processing_data/clipped/234.tif,234.tif,bird,132,109,146,189,234
/home/mirandalv/Documents/github/geo_AnimalDetection/dataset/processing_data/clipped/234.tif,234.tif,bird,101,74,163,206,234
/home/mirandalv/Documents/github/geo_AnimalDetection/dataset/processing_data/clipped/234.tif,234.tif,bird,138,103,191,231,234
/home/mirandalv/Documents/github/geo_AnimalDetection/dataset/processing_data/clipped/234.tif,234.tif,bird,98,57,119,151,234
/home/mirandalv/Documents/github/geo_AnimalDetection/dataset/processing_data/clipped/234.tif,234.tif,bird,69,38,208,253,234
/home/mirandalv/Documents/github/geo_AnimalDetection/dataset/processing_data/clipped/234.tif,234.tif,bird,215,183,215,261,234
/home/mirandalv/Documents/github/geo_AnimalDetection/dataset/processing_data/clipped/234.tif,234.tif,bird,48,17,124,172,234
/home/mirandalv/Documents/github/geo_AnimalDetection/dataset/processing_data/clipped/234.tif,234.tif,bird,19,-10,131,179,234
/home/mirandalv/Documents/github/geo_AnimalDetection/dataset/processing_data/clipped/234.tif,234.tif,bird,51,20,179,222,234
/home/mirandalv/Documents/github/geo_AnimalDetection/dataset/processing_data/clipped/234.tif,234.tif,bird,21,1,219,258,234
/home/mirandalv/Documents/github/geo_AnimalDetection/dataset/processing_data/clipped/489.tif,489.tif,bird,35,-2,218,263,489
/home/mirandalv/Documents/github/geo_AnimalDetection/dataset/processing_data/clipped/489.tif,489.tif,bird,42,14,135,177,489
/home/mirandalv/Documents/github/geo_AnimalDetection/dataset/processing_data/clipped/489.tif,489.tif,bird,77,42,153,202,489
/home/mirandalv/Documents/github/geo_AnimalDetection/dataset/processing_data/clipped/489.tif,489.tif,bird,67,42,218,259,489
/home/mirandalv/Documents/github/geo_AnimalDetection/dataset/processing_data/clipped/489.tif,489.tif,bird,252,228,193,237,489
/home/mirandalv/Documents/github/geo_AnimalDetection/dataset/processing_data/clipped/489.tif,489.tif,bird,250,218,151,192,489
/home/mirandalv/Documents/github/geo_AnimalDetection/dataset/processing_data/clipped/489.tif,489.tif,bird,51,18,72,119,489
/home/mirandalv/Documents/github/geo_AnimalDetection/dataset/processing_data/clipped/489.tif,489.tif,bird,84,54,113,156,489
/home/mirandalv/Documents/github/geo_AnimalDetection/dataset/processing_data/clipped/489.tif,489.tif,bird,116,88,66,117,489
/home/mirandalv/Documents/github/geo_AnimalDetection/dataset/processing_data/clipped/489.tif,489.tif,bird,76,47,30,83,489
/home/mirandalv/Documents/github/geo_AnimalDetection/dataset/processing_data/clipped/489.tif,489.tif,bird,42,10,-10,34,489
/home/mirandalv/Documents/github/geo_AnimalDetection/dataset/processing_data/clipped/489.tif,489.tif,bird,110,81,12,61,489
/home/mirandalv/Documents/github/geo_AnimalDetection/dataset/processing_data/clipped/489.tif,489.tif,bird,149,117,44,87,489
/home/mirandalv/Documents/github/geo_AnimalDetection/dataset/processing_data/clipped/489.tif,489.tif,bird,182,149,83,128,489
/home/mirandalv/Documents/github/geo_AnimalDetection/dataset/processing_data/clipped/489.tif,489.tif,bird,144,112,105,147,489
/home/mirandalv/Documents/github/geo_AnimalDetection/dataset/processing_data/clipped/489.tif,489.tif,bird,130,104,151,193,489
/home/mirandalv/Documents/github/geo_AnimalDetection/dataset/processing_data/clipped/489.tif,489.tif,bird,121,90,190,234,489
/home/mirandalv/Documents/github/geo_AnimalDetection/dataset/processing_data/clipped/489.tif,489.tif,bird,179,144,179,222,489
/home/mirandalv/Documents/github/geo_AnimalDetection/dataset/processing_data/clipped/489.tif,489.tif,bird,238,211,20,64,489
/home/mirandalv/Documents/github/geo_AnimalDetection/dataset/processing_data/clipped/95.tif,95.tif,bird,184,162,-3,36,95
/home/mirandalv/Documents/github/geo_AnimalDetection/dataset/processing_data/clipped/95.tif,95.tif,bird,155,127,-2,41,95
/home/mirandalv/Documents/github/geo_AnimalDetection/dataset/processing_data/clipped/95.tif,95.tif,bird,71,41,37,80,95
/home/mirandalv/Documents/github/geo_AnimalDetection/dataset/processing_data/clipped/95.tif,95.tif,bird,19,-2,100,143,95
/home/mirandalv/Documents/github/geo_AnimalDetection/dataset/processing_data/clipped/95.tif,95.tif,bird,23,-3,178,219,95
/home/mirandalv/Documents/github/geo_AnimalDetection/dataset/processing_data/clipped/95.tif,95.tif,bird,10,-8,217,261,95
/home/mirandalv/Documents/github/geo_AnimalDetection/dataset/processing_data/clipped/95.tif,95.tif,bird,83,49,119,161,95
/home/mirandalv/Documents/github/geo_AnimalDetection/dataset/processing_data/clipped/95.tif,95.tif,bird,63,29,159,200,95
/home/mirandalv/Documents/github/geo_AnimalDetection/dataset/processing_data/clipped/95.tif,95.tif,bird,141,111,173,221,95
/home/mirandalv/Documents/github/geo_AnimalDetection/dataset/processing_data/clipped/95.tif,95.tif,bird,146,114,107,151,95
/home/mirandalv/Documents/github/geo_AnimalDetection/dataset/processing_data/clipped/95.tif,95.tif,bird,140,114,48,92,95
/home/mirandalv/Documents/github/geo_AnimalDetection/dataset/processing_data/clipped/95.tif,95.tif,bird,174,154,96,135,95
/home/mirandalv/Documents/github/geo_AnimalDetection/dataset/processing_data/clipped/95.tif,95.tif,bird,184,160,205,246,95
/home/mirandalv/Documents/github/geo_AnimalDetection/dataset/processing_data/clipped/95.tif,95.tif,bird,173,149,133,172,95
/home/mirandalv/Documents/github/geo_AnimalDetection/dataset/processing_data/clipped/95.tif,95.tif,bird,135,116,227,268,95
/home/mirandalv/Documents/github/geo_AnimalDetection/dataset/processing_data/clipped/95.tif,95.tif,bird,247,218,189,234,95
/home/mirandalv/Documents/github/geo_AnimalDetection/dataset/processing_data/clipped/95.tif,95.tif,bird,251,227,147,186,95
/home/mirandalv/Documents/github/geo_AnimalDetection/dataset/processing_data/clipped/95.tif,95.tif,bird,196,177,35,78,95
/home/mirandalv/Documents/github/geo_AnimalDetection/dataset/processing_data/clipped/95.tif,95.tif,bird,217,191,69,110,95
/home/mirandalv/Documents/github/geo_AnimalDetection/dataset/processing_data/clipped/95.tif,95.tif,bird,242,213,20,65,95
/home/mirandalv/Documents/github/geo_AnimalDetection/dataset/processing_data/clipped/95.tif,95.tif,bird,255,231,53,96,95
/home/mirandalv/Documents/github/geo_AnimalDetection/dataset/processing_data/clipped/471.tif,471.tif,bird,20,-5,54,95,471
/home/mirandalv/Documents/github/geo_AnimalDetection/dataset/processing_data/clipped/471.tif,471.tif,bird,16,-14,5,47,471
/home/mirandalv/Documents/github/geo_AnimalDetection/dataset/processing_data/clipped/471.tif,471.tif,bird,57,31,42,84,471
/home/mirandalv/Documents/github/geo_AnimalDetection/dataset/processing_data/clipped/471.tif,471.tif,bird,47,15,178,220,471
/home/mirandalv/Documents/github/geo_AnimalDetection/dataset/processing_data/clipped/471.tif,471.tif,bird,47,21,136,178,471
/home/mirandalv/Documents/github/geo_AnimalDetection/dataset/processing_data/clipped/471.tif,471.tif,bird,88,56,161,204,471
/home/mirandalv/Documents/github/geo_AnimalDetection/dataset/processing_data/clipped/471.tif,471.tif,bird,138,106,201,249,471
/home/mirandalv/Documents/github/geo_AnimalDetection/dataset/processing_data/clipped/471.tif,471.tif,bird,110,73,68,113,471
/home/mirandalv/Documents/github/geo_AnimalDetection/dataset/processing_data/clipped/471.tif,471.tif,bird,117,89,-15,27,471
/home/mirandalv/Documents/github/geo_AnimalDetection/dataset/processing_data/clipped/471.tif,471.tif,bird,152,117,3,52,471
/home/mirandalv/Documents/github/geo_AnimalDetection/dataset/processing_data/clipped/471.tif,471.tif,bird,156,129,231,277,471
/home/mirandalv/Documents/github/geo_AnimalDetection/dataset/processing_data/clipped/471.tif,471.tif,bird,199,170,218,263,471
/home/mirandalv/Documents/github/geo_AnimalDetection/dataset/processing_data/clipped/471.tif,471.tif,bird,250,217,204,252,471
/home/mirandalv/Documents/github/geo_AnimalDetection/dataset/processing_data/clipped/471.tif,471.tif,bird,209,188,173,213,471
/home/mirandalv/Documents/github/geo_AnimalDetection/dataset/processing_data/clipped/471.tif,471.tif,bird,186,149,139,186,471
/home/mirandalv/Documents/github/geo_AnimalDetection/dataset/processing_data/clipped/471.tif,471.tif,bird,180,154,86,133,471
/home/mirandalv/Documents/github/geo_AnimalDetection/dataset/processing_data/clipped/471.tif,471.tif,bird,145,109,104,151,471
/home/mirandalv/Documents/github/geo_AnimalDetection/dataset/processing_data/clipped/471.tif,471.tif,bird,142,117,68,109,471
/home/mirandalv/Documents/github/geo_AnimalDetection/dataset/processing_data/clipped/471.tif,471.tif,bird,236,204,85,128,471
/home/mirandalv/Documents/github/geo_AnimalDetection/dataset/processing_data/clipped/471.tif,471.tif,bird,205,179,1,43,471
/home/mirandalv/Documents/github/geo_AnimalDetection/dataset/processing_data/clipped/471.tif,471.tif,bird,196,165,40,84,471
/home/mirandalv/Documents/github/geo_AnimalDetection/dataset/processing_data/clipped/471.tif,471.tif,bird,254,219,29,72,471
/home/mirandalv/Documents/github/geo_AnimalDetection/dataset/processing_data/clipped/487.tif,487.tif,bird,37,9,197,239,487
/home/mirandalv/Documents/github/geo_AnimalDetection/dataset/processing_data/clipped/487.tif,487.tif,bird,72,37,215,264,487
/home/mirandalv/Documents/github/geo_AnimalDetection/dataset/processing_data/clipped/487.tif,487.tif,bird,245,213,213,254,487
/home/mirandalv/Documents/github/geo_AnimalDetection/dataset/processing_data/clipped/487.tif,487.tif,bird,46,13,134,181,487
/home/mirandalv/Documents/github/geo_AnimalDetection/dataset/processing_data/clipped/487.tif,487.tif,bird,79,49,175,218,487
/home/mirandalv/Documents/github/geo_AnimalDetection/dataset/processing_data/clipped/487.tif,487.tif,bird,111,83,128,179,487
/home/mirandalv/Documents/github/geo_AnimalDetection/dataset/processing_data/clipped/487.tif,487.tif,bird,71,42,92,145,487
/home/mirandalv/Documents/github/geo_AnimalDetection/dataset/processing_data/clipped/487.tif,487.tif,bird,37,5,52,96,487
/home/mirandalv/Documents/github/geo_AnimalDetection/dataset/processing_data/clipped/487.tif,487.tif,bird,68,37,37,81,487
/home/mirandalv/Documents/github/geo_AnimalDetection/dataset/processing_data/clipped/487.tif,487.tif,bird,105,76,74,123,487
/home/mirandalv/Documents/github/geo_AnimalDetection/dataset/processing_data/clipped/487.tif,487.tif,bird,144,112,106,149,487
/home/mirandalv/Documents/github/geo_AnimalDetection/dataset/processing_data/clipped/487.tif,487.tif,bird,177,144,145,190,487
/home/mirandalv/Documents/github/geo_AnimalDetection/dataset/processing_data/clipped/487.tif,487.tif,bird,139,107,167,209,487
/home/mirandalv/Documents/github/geo_AnimalDetection/dataset/processing_data/clipped/487.tif,487.tif,bird,125,99,213,255,487
/home/mirandalv/Documents/github/geo_AnimalDetection/dataset/processing_data/clipped/487.tif,487.tif,bird,233,206,82,126,487
/home/mirandalv/Documents/github/geo_AnimalDetection/dataset/processing_data/clipped/487.tif,487.tif,bird,123,93,32,74,487
/home/mirandalv/Documents/github/geo_AnimalDetection/dataset/processing_data/clipped/487.tif,487.tif,bird,82,55,-5,38,487
/home/mirandalv/Documents/github/geo_AnimalDetection/dataset/processing_data/clipped/487.tif,487.tif,bird,262,227,-13,27,487
/home/mirandalv/Documents/github/geo_AnimalDetection/dataset/processing_data/clipped/138.tif,138.tif,bird,13,-10,58,100,138
/home/mirandalv/Documents/github/geo_AnimalDetection/dataset/processing_data/clipped/138.tif,138.tif,bird,36,15,10,49,138
/home/mirandalv/Documents/github/geo_AnimalDetection/dataset/processing_data/clipped/138.tif,138.tif,bird,68,44,-1,39,138
/home/mirandalv/Documents/github/geo_AnimalDetection/dataset/processing_data/clipped/138.tif,138.tif,bird,73,50,51,93,138
/home/mirandalv/Documents/github/geo_AnimalDetection/dataset/processing_data/clipped/138.tif,138.tif,bird,103,80,23,64,138
/home/mirandalv/Documents/github/geo_AnimalDetection/dataset/processing_data/clipped/138.tif,138.tif,bird,103,79,75,113,138
/home/mirandalv/Documents/github/geo_AnimalDetection/dataset/processing_data/clipped/138.tif,138.tif,bird,41,17,93,129,138
/home/mirandalv/Documents/github/geo_AnimalDetection/dataset/processing_data/clipped/138.tif,138.tif,bird,39,17,136,178,138
/home/mirandalv/Documents/github/geo_AnimalDetection/dataset/processing_data/clipped/138.tif,138.tif,bird,77,51,125,162,138
/home/mirandalv/Documents/github/geo_AnimalDetection/dataset/processing_data/clipped/138.tif,138.tif,bird,85,62,162,204,138
/home/mirandalv/Documents/github/geo_AnimalDetection/dataset/processing_data/clipped/138.tif,138.tif,bird,46,18,188,225,138
/home/mirandalv/Documents/github/geo_AnimalDetection/dataset/processing_data/clipped/138.tif,138.tif,bird,27,6,231,274,138
/home/mirandalv/Documents/github/geo_AnimalDetection/dataset/processing_data/clipped/138.tif,138.tif,bird,92,58,215,261,138
/home/mirandalv/Documents/github/geo_AnimalDetection/dataset/processing_data/clipped/138.tif,138.tif,bird,123,97,204,248,138
/home/mirandalv/Documents/github/geo_AnimalDetection/dataset/processing_data/clipped/138.tif,138.tif,bird,140,112,22,66,138
/home/mirandalv/Documents/github/geo_AnimalDetection/dataset/processing_data/clipped/138.tif,138.tif,bird,163,134,59,98,138
/home/mirandalv/Documents/github/geo_AnimalDetection/dataset/processing_data/clipped/138.tif,138.tif,bird,141,115,107,152,138
/home/mirandalv/Documents/github/geo_AnimalDetection/dataset/processing_data/clipped/138.tif,138.tif,bird,175,149,143,184,138
/home/mirandalv/Documents/github/geo_AnimalDetection/dataset/processing_data/clipped/138.tif,138.tif,bird,207,187,75,118,138
/home/mirandalv/Documents/github/geo_AnimalDetection/dataset/processing_data/clipped/138.tif,138.tif,bird,190,170,45,83,138
/home/mirandalv/Documents/github/geo_AnimalDetection/dataset/processing_data/clipped/138.tif,138.tif,bird,207,175,-8,32,138
/home/mirandalv/Documents/github/geo_AnimalDetection/dataset/processing_data/clipped/138.tif,138.tif,bird,238,201,25,46,138
/home/mirandalv/Documents/github/geo_AnimalDetection/dataset/processing_data/clipped/138.tif,138.tif,bird,264,221,170,202,138
/home/mirandalv/Documents/github/geo_AnimalDetection/dataset/processing_data/clipped/138.tif,138.tif,bird,251,223,201,239,138
/home/mirandalv/Documents/github/geo_AnimalDetection/dataset/processing_data/clipped/138.tif,138.tif,bird,258,231,109,151,138
/home/mirandalv/Documents/github/geo_AnimalDetection/dataset/processing_data/clipped/138.tif,138.tif,bird,224,198,125,165,138
/home/mirandalv/Documents/github/geo_AnimalDetection/dataset/processing_data/clipped/138.tif,138.tif,bird,215,194,160,199,138
/home/mirandalv/Documents/github/geo_AnimalDetection/dataset/processing_data/clipped/138.tif,138.tif,bird,162,134,182,227,138
/home/mirandalv/Documents/github/geo_AnimalDetection/dataset/processing_data/clipped/138.tif,138.tif,bird,154,129,228,265,138
